,Date,Language,Ratings,Index,Year,Rank
79,2011-02-01,Abap,0.61,PYPL,2011,16.0
91,2012-02-01,Abap,0.72,PYPL,2012,15.0
103,2013-02-01,Abap,0.6,PYPL,2013,17.0
115,2014-02-01,Abap,0.6,PYPL,2014,17.0
127,2015-02-01,Abap,0.54,PYPL,2015,18.0
139,2016-02-01,Abap,0.47000000000000003,PYPL,2016,18.0
151,2017-02-01,Abap,0.48,PYPL,2017,19.0
163,2018-02-01,Abap,0.49,PYPL,2018,18.0
175,2019-02-01,Abap,0.49,PYPL,2019,19.0
187,2020-02-01,Abap,0.51,PYPL,2020,21.0
199,2021-02-01,Abap,0.37,PYPL,2021,21.0
211,2022-02-01,Abap,0.43,PYPL,2022,22.0
223,2023-02-01,Abap,0.45999999999999996,PYPL,2023,23.0
235,2024-02-01,Abap,0.5700000000000001,PYPL,2024,21.0
315,2011-02-01,Ada,0.25,PYPL,2011,21.0
327,2012-02-01,Ada,0.22,PYPL,2012,22.0
339,2013-02-01,Ada,0.27999999999999997,PYPL,2013,22.0
351,2014-02-01,Ada,0.22,PYPL,2014,21.0
363,2015-02-01,Ada,0.33999999999999997,PYPL,2015,21.0
375,2016-02-01,Ada,0.33999999999999997,PYPL,2016,20.0
387,2017-02-01,Ada,0.51,PYPL,2017,18.0
399,2018-02-01,Ada,0.36,PYPL,2018,20.0
411,2019-02-01,Ada,0.37,PYPL,2019,22.0
423,2020-02-01,Ada,0.32,PYPL,2020,25.0
435,2021-02-01,Ada,0.76,PYPL,2021,17.0
447,2022-02-01,Ada,0.64,PYPL,2022,18.0
459,2023-02-01,Ada,0.89,PYPL,2023,17.0
471,2024-02-01,Ada,1.08,PYPL,2024,15.0
551,2011-02-01,C/C++,12.46,PYPL,2011,3.0
563,2012-02-01,C/C++,11.39,PYPL,2012,3.0
575,2013-02-01,C/C++,8.61,PYPL,2013,5.0
587,2014-02-01,C/C++,8.129999999999999,PYPL,2014,5.0
599,2015-02-01,C/C++,7.969999999999999,PYPL,2015,5.0
611,2016-02-01,C/C++,7.8,PYPL,2016,5.0
623,2017-02-01,C/C++,7.57,PYPL,2017,6.0
635,2018-02-01,C/C++,6.41,PYPL,2018,6.0
647,2019-02-01,C/C++,6.1,PYPL,2019,6.0
659,2020-02-01,C/C++,5.86,PYPL,2020,6.0
671,2021-02-01,C/C++,6.47,PYPL,2021,5.0
683,2022-02-01,C/C++,7.489999999999999,PYPL,2022,4.0
695,2023-02-01,C/C++,6.81,PYPL,2023,5.0
707,2024-02-01,C/C++,6.92,PYPL,2024,4.0
787,2011-02-01,C#,6.41,PYPL,2011,6.0
799,2012-02-01,C#,6.77,PYPL,2012,6.0
811,2013-02-01,C#,9.48,PYPL,2013,3.0
823,2014-02-01,C#,9.6,PYPL,2014,4.0
835,2015-02-01,C#,9.25,PYPL,2015,4.0
847,2016-02-01,C#,8.99,PYPL,2016,4.0
859,2017-02-01,C#,8.459999999999999,PYPL,2017,4.0
871,2018-02-01,C#,7.829999999999999,PYPL,2018,5.0
883,2019-02-01,C#,7.4399999999999995,PYPL,2019,4.0
895,2020-02-01,C#,7.199999999999999,PYPL,2020,4.0
907,2021-02-01,C#,6.72,PYPL,2021,4.0
919,2022-02-01,C#,7.46,PYPL,2022,5.0
931,2023-02-01,C#,6.88,PYPL,2023,4.0
943,2024-02-01,C#,6.7299999999999995,PYPL,2024,5.0
1023,2011-02-01,Cobol,0.43,PYPL,2011,18.0
1035,2012-02-01,Cobol,0.36,PYPL,2012,20.0
1047,2013-02-01,Cobol,0.31,PYPL,2013,21.0
1059,2014-02-01,Cobol,0.36,PYPL,2014,19.0
1071,2015-02-01,Cobol,0.32,PYPL,2015,22.0
1083,2016-02-01,Cobol,0.29,PYPL,2016,22.0
1095,2017-02-01,Cobol,0.27999999999999997,PYPL,2017,26.0
1107,2018-02-01,Cobol,0.29,PYPL,2018,22.0
1119,2019-02-01,Cobol,0.29,PYPL,2019,25.0
1131,2020-02-01,Cobol,0.27999999999999997,PYPL,2020,27.0
1143,2021-02-01,Cobol,0.32,PYPL,2021,22.0
1155,2022-02-01,Cobol,0.2,PYPL,2022,27.0
1167,2023-02-01,Cobol,0.35000000000000003,PYPL,2023,26.0
1179,2024-02-01,Cobol,0.22,PYPL,2024,26.0
1259,2011-02-01,Dart,0.01,PYPL,2011,24.0
1271,2012-02-01,Dart,0.09,PYPL,2012,23.0
1283,2013-02-01,Dart,0.08,PYPL,2013,24.0
1295,2014-02-01,Dart,0.16,PYPL,2014,23.0
1307,2015-02-01,Dart,0.15,PYPL,2015,25.0
1319,2016-02-01,Dart,0.12,PYPL,2016,25.0
1331,2017-02-01,Dart,0.12,PYPL,2017,28.0
1343,2018-02-01,Dart,0.08,PYPL,2018,25.0
1355,2019-02-01,Dart,0.18,PYPL,2019,27.0
1367,2020-02-01,Dart,0.49,PYPL,2020,22.0
1379,2021-02-01,Dart,0.5599999999999999,PYPL,2021,19.0
1391,2022-02-01,Dart,0.5,PYPL,2022,21.0
1403,2023-02-01,Dart,0.8099999999999999,PYPL,2023,19.0
1415,2024-02-01,Dart,0.98,PYPL,2024,16.0
1495,2011-02-01,Delphi/Pascal,1.1400000000000001,PYPL,2011,14.0
1507,2012-02-01,Delphi/Pascal,0.95,PYPL,2012,14.0
1519,2013-02-01,Delphi/Pascal,0.8099999999999999,PYPL,2013,14.0
1531,2014-02-01,Delphi/Pascal,0.69,PYPL,2014,15.0
1543,2015-02-01,Delphi/Pascal,0.58,PYPL,2015,17.0
1555,2016-02-01,Delphi/Pascal,0.47000000000000003,PYPL,2016,18.0
1567,2017-02-01,Delphi/Pascal,0.35000000000000003,PYPL,2017,23.0
1579,2018-02-01,Delphi/Pascal,0.29,PYPL,2018,22.0
1591,2019-02-01,Delphi/Pascal,0.26,PYPL,2019,26.0
1603,2020-02-01,Delphi/Pascal,0.2,PYPL,2020,28.0
1615,2021-02-01,Delphi/Pascal,0.2,PYPL,2021,25.0
1627,2022-02-01,Delphi/Pascal,0.13,PYPL,2022,28.0
1639,2023-02-01,Delphi/Pascal,0.03,PYPL,2023,28.0
1651,2024-02-01,Delphi/Pascal,0.19,PYPL,2024,27.0
1731,2011-02-01,Go,0.03,PYPL,2011,23.0
1743,2012-02-01,Go,0.03,PYPL,2012,25.0
1755,2013-02-01,Go,0.08,PYPL,2013,24.0
1767,2014-02-01,Go,0.1,PYPL,2014,24.0
1779,2015-02-01,Go,0.22999999999999998,PYPL,2015,23.0
1791,2016-02-01,Go,0.29,PYPL,2016,22.0
1803,2017-02-01,Go,0.44,PYPL,2017,22.0
1815,2018-02-01,Go,0.8099999999999999,PYPL,2018,16.0
1827,2019-02-01,Go,1.02,PYPL,2019,16.0
1839,2020-02-01,Go,1.39,PYPL,2020,13.0
1851,2021-02-01,Go,1.25,PYPL,2021,12.0
1863,2022-02-01,Go,1.22,PYPL,2022,13.0
1875,2023-02-01,Go,1.91,PYPL,2023,12.0
1887,2024-02-01,Go,2.04,PYPL,2024,12.0
1967,2011-02-01,Groovy,0.29,PYPL,2011,20.0
1979,2012-02-01,Groovy,0.37,PYPL,2012,19.0
1991,2013-02-01,Groovy,0.33999999999999997,PYPL,2013,19.0
2003,2014-02-01,Groovy,0.42,PYPL,2014,18.0
2015,2015-02-01,Groovy,0.45999999999999996,PYPL,2015,20.0
2027,2016-02-01,Groovy,0.37,PYPL,2016,19.0
2039,2017-02-01,Groovy,0.44999999999999996,PYPL,2017,21.0
2051,2018-02-01,Groovy,0.51,PYPL,2018,17.0
2063,2019-02-01,Groovy,0.41000000000000003,PYPL,2019,21.0
2075,2020-02-01,Groovy,0.48,PYPL,2020,23.0
2087,2021-02-01,Groovy,0.3,PYPL,2021,23.0
2099,2022-02-01,Groovy,0.38,PYPL,2022,23.0
2111,2023-02-01,Groovy,0.36,PYPL,2023,25.0
2123,2024-02-01,Groovy,0.33,PYPL,2024,24.0
2203,2011-02-01,Haskell,0.33999999999999997,PYPL,2011,19.0
2215,2012-02-01,Haskell,0.27999999999999997,PYPL,2012,21.0
2227,2013-02-01,Haskell,0.33,PYPL,2013,20.0
2239,2014-02-01,Haskell,0.35000000000000003,PYPL,2014,20.0
2251,2015-02-01,Haskell,0.33999999999999997,PYPL,2015,21.0
2263,2016-02-01,Haskell,0.32,PYPL,2016,21.0
2275,2017-02-01,Haskell,0.33,PYPL,2017,24.0
2287,2018-02-01,Haskell,0.27999999999999997,PYPL,2018,23.0
2299,2019-02-01,Haskell,0.29,PYPL,2019,25.0
2311,2020-02-01,Haskell,0.32,PYPL,2020,25.0
2323,2021-02-01,Haskell,0.24,PYPL,2021,24.0
2335,2022-02-01,Haskell,0.24,PYPL,2022,26.0
2347,2023-02-01,Haskell,0.33,PYPL,2023,27.0
2359,2024-02-01,Haskell,0.26,PYPL,2024,25.0
2439,2011-02-01,Java,28.23,PYPL,2011,1.0
2451,2012-02-01,Java,27.33,PYPL,2012,1.0
2463,2013-02-01,Java,26.68,PYPL,2013,1.0
2475,2014-02-01,Java,26.08,PYPL,2014,1.0
2487,2015-02-01,Java,25.31,PYPL,2015,1.0
2499,2016-02-01,Java,24.87,PYPL,2016,1.0
2511,2017-02-01,Java,22.53,PYPL,2017,1.0
2523,2018-02-01,Java,21.78,PYPL,2018,1.0
2535,2019-02-01,Java,20.79,PYPL,2019,2.0
2547,2020-02-01,Java,18.25,PYPL,2020,2.0
2559,2021-02-01,Java,16.74,PYPL,2021,2.0
2571,2022-02-01,Java,18.08,PYPL,2022,2.0
2583,2023-02-01,Java,16.509999999999998,PYPL,2023,2.0
2595,2024-02-01,Java,15.52,PYPL,2024,2.0
2675,2011-02-01,JavaScript,6.93,PYPL,2011,4.0
2687,2012-02-01,JavaScript,7.22,PYPL,2012,5.0
2699,2013-02-01,JavaScript,7.02,PYPL,2013,6.0
2711,2014-02-01,JavaScript,7.340000000000001,PYPL,2014,6.0
2723,2015-02-01,JavaScript,7.33,PYPL,2015,6.0
2735,2016-02-01,JavaScript,7.6,PYPL,2016,6.0
2747,2017-02-01,JavaScript,8.03,PYPL,2017,5.0
2759,2018-02-01,JavaScript,8.200000000000001,PYPL,2018,4.0
2771,2019-02-01,JavaScript,8.1,PYPL,2019,3.0
2783,2020-02-01,JavaScript,7.9,PYPL,2020,3.0
2795,2021-02-01,JavaScript,8.48,PYPL,2021,3.0
2807,2022-02-01,JavaScript,9.030000000000001,PYPL,2022,3.0
2819,2023-02-01,JavaScript,9.6,PYPL,2023,3.0
2831,2024-02-01,JavaScript,8.57,PYPL,2024,3.0
2911,2011-02-01,Julia,0.0,PYPL,2011,25.0
2923,2012-02-01,Julia,0.02,PYPL,2012,26.0
2935,2013-02-01,Julia,0.1,PYPL,2013,23.0
2947,2014-02-01,Julia,0.18,PYPL,2014,22.0
2959,2015-02-01,Julia,0.19,PYPL,2015,24.0
2971,2016-02-01,Julia,0.2,PYPL,2016,24.0
2983,2017-02-01,Julia,0.22999999999999998,PYPL,2017,27.0
2995,2018-02-01,Julia,0.16999999999999998,PYPL,2018,24.0
3007,2019-02-01,Julia,0.33999999999999997,PYPL,2019,23.0
3019,2020-02-01,Julia,0.33999999999999997,PYPL,2020,24.0
3031,2021-02-01,Julia,0.53,PYPL,2021,20.0
3043,2022-02-01,Julia,0.2,PYPL,2022,27.0
3055,2023-02-01,Julia,0.42,PYPL,2023,24.0
3067,2024-02-01,Julia,0.5599999999999999,PYPL,2024,22.0
3147,2011-02-01,Kotlin,0.0,PYPL,2011,25.0
3159,2012-02-01,Kotlin,0.02,PYPL,2012,26.0
3171,2013-02-01,Kotlin,0.03,PYPL,2013,26.0
3183,2014-02-01,Kotlin,0.01,PYPL,2014,27.0
3195,2015-02-01,Kotlin,0.0,PYPL,2015,27.0
3207,2016-02-01,Kotlin,0.0,PYPL,2016,26.0
3219,2017-02-01,Kotlin,0.09,PYPL,2017,29.0
3231,2018-02-01,Kotlin,0.8099999999999999,PYPL,2018,16.0
3243,2019-02-01,Kotlin,1.09,PYPL,2019,15.0
3255,2020-02-01,Kotlin,1.47,PYPL,2020,12.0
3267,2021-02-01,Kotlin,1.6400000000000001,PYPL,2021,11.0
3279,2022-02-01,Kotlin,1.6500000000000001,PYPL,2022,12.0
3291,2023-02-01,Kotlin,1.87,PYPL,2023,13.0
3303,2024-02-01,Kotlin,1.7500000000000002,PYPL,2024,13.0
3383,2011-02-01,Lua,0.47000000000000003,PYPL,2011,17.0
3395,2012-02-01,Lua,0.49,PYPL,2012,17.0
3407,2013-02-01,Lua,0.72,PYPL,2013,16.0
3419,2014-02-01,Lua,0.61,PYPL,2014,16.0
3431,2015-02-01,Lua,0.53,PYPL,2015,19.0
3443,2016-02-01,Lua,0.51,PYPL,2016,17.0
3455,2017-02-01,Lua,0.47000000000000003,PYPL,2017,20.0
3467,2018-02-01,Lua,0.4,PYPL,2018,19.0
3479,2019-02-01,Lua,0.3,PYPL,2019,24.0
3491,2020-02-01,Lua,0.31,PYPL,2020,26.0
3503,2021-02-01,Lua,0.58,PYPL,2021,18.0
3515,2022-02-01,Lua,0.36,PYPL,2022,24.0
3527,2023-02-01,Lua,0.58,PYPL,2023,22.0
3539,2024-02-01,Lua,0.8500000000000001,PYPL,2024,19.0
3619,2011-02-01,Matlab,3.36,PYPL,2011,8.0
3631,2012-02-01,Matlab,3.0700000000000003,PYPL,2012,9.0
3643,2013-02-01,Matlab,3.05,PYPL,2013,9.0
3655,2014-02-01,Matlab,3.05,PYPL,2014,8.0
3667,2015-02-01,Matlab,3.0700000000000003,PYPL,2015,8.0
3679,2016-02-01,Matlab,2.94,PYPL,2016,10.0
3691,2017-02-01,Matlab,2.75,PYPL,2017,10.0
3703,2018-02-01,Matlab,2.2800000000000002,PYPL,2018,10.0
3715,2019-02-01,Matlab,1.95,PYPL,2019,10.0
3727,2020-02-01,Matlab,1.73,PYPL,2020,11.0
3739,2021-02-01,Matlab,1.71,PYPL,2021,10.0
3751,2022-02-01,Matlab,1.77,PYPL,2022,11.0
3763,2023-02-01,Matlab,1.71,PYPL,2023,14.0
3775,2024-02-01,Matlab,1.6400000000000001,PYPL,2024,14.0
3855,2011-02-01,Objective-C,1.3,PYPL,2011,12.0
3867,2012-02-01,Objective-C,3.6900000000000004,PYPL,2012,8.0
3879,2013-02-01,Objective-C,5.13,PYPL,2013,7.0
3891,2014-02-01,Objective-C,6.619999999999999,PYPL,2014,7.0
3903,2015-02-01,Objective-C,6.18,PYPL,2015,7.0
3915,2016-02-01,Objective-C,5.56,PYPL,2016,7.0
3927,2017-02-01,Objective-C,5.0,PYPL,2017,7.0
3939,2018-02-01,Objective-C,3.7900000000000005,PYPL,2018,8.0
3951,2019-02-01,Objective-C,3.01,PYPL,2019,8.0
3963,2020-02-01,Objective-C,2.44,PYPL,2020,8.0
3975,2021-02-01,Objective-C,3.56,PYPL,2021,8.0
3987,2022-02-01,Objective-C,2.3,PYPL,2022,8.0
3999,2023-02-01,Objective-C,2.25,PYPL,2023,10.0
4011,2024-02-01,Objective-C,2.37,PYPL,2024,10.0
4091,2011-02-01,Perl,2.67,PYPL,2011,9.0
4103,2012-02-01,Perl,2.29,PYPL,2012,11.0
4115,2013-02-01,Perl,1.9900000000000002,PYPL,2013,11.0
4127,2014-02-01,Perl,1.5,PYPL,2014,13.0
4139,2015-02-01,Perl,1.38,PYPL,2015,14.0
4151,2016-02-01,Perl,1.17,PYPL,2016,14.0
4163,2017-02-01,Perl,0.9199999999999999,PYPL,2017,16.0
4175,2018-02-01,Perl,0.86,PYPL,2018,15.0
4187,2019-02-01,Perl,0.5499999999999999,PYPL,2019,18.0
4199,2020-02-01,Perl,0.64,PYPL,2020,20.0
4211,2021-02-01,Perl,0.3,PYPL,2021,23.0
4223,2022-02-01,Perl,0.29,PYPL,2022,25.0
4235,2023-02-01,Perl,0.36,PYPL,2023,25.0
4247,2024-02-01,Perl,0.33,PYPL,2024,24.0
4327,2011-02-01,PHP,16.23,PYPL,2011,2.0
4339,2012-02-01,PHP,15.540000000000001,PYPL,2012,2.0
4351,2013-02-01,PHP,14.27,PYPL,2013,2.0
4363,2014-02-01,PHP,13.01,PYPL,2014,2.0
4375,2015-02-01,PHP,11.74,PYPL,2015,2.0
4387,2016-02-01,PHP,11.020000000000001,PYPL,2016,3.0
4399,2017-02-01,PHP,9.969999999999999,PYPL,2017,3.0
4411,2018-02-01,PHP,8.219999999999999,PYPL,2018,3.0
4423,2019-02-01,PHP,7.17,PYPL,2019,5.0
4435,2020-02-01,PHP,6.18,PYPL,2020,5.0
4447,2021-02-01,PHP,6.1,PYPL,2021,6.0
4459,2022-02-01,PHP,5.970000000000001,PYPL,2022,6.0
4471,2023-02-01,PHP,5.17,PYPL,2023,6.0
4483,2024-02-01,PHP,4.569999999999999,PYPL,2024,7.0
4563,2011-02-01,Powershell,0.7000000000000001,PYPL,2011,15.0
4575,2012-02-01,Powershell,0.69,PYPL,2012,16.0
4587,2013-02-01,Powershell,0.7799999999999999,PYPL,2013,15.0
4599,2014-02-01,Powershell,0.73,PYPL,2014,14.0
4611,2015-02-01,Powershell,0.76,PYPL,2015,15.0
4623,2016-02-01,Powershell,0.66,PYPL,2016,16.0
4635,2017-02-01,Powershell,0.7799999999999999,PYPL,2017,17.0
4647,2018-02-01,Powershell,0.9299999999999999,PYPL,2018,14.0
4659,2019-02-01,Powershell,0.88,PYPL,2019,17.0
4671,2020-02-01,Powershell,1.18,PYPL,2020,16.0
4683,2021-02-01,Powershell,1.04,PYPL,2021,15.0
4695,2022-02-01,Powershell,0.9199999999999999,PYPL,2022,16.0
4707,2023-02-01,Powershell,0.88,PYPL,2023,18.0
4719,2024-02-01,Powershell,0.9400000000000001,PYPL,2024,17.0
4799,2011-02-01,Python,6.87,PYPL,2011,5.0
4811,2012-02-01,Python,7.82,PYPL,2012,4.0
4823,2013-02-01,Python,8.790000000000001,PYPL,2013,4.0
4835,2014-02-01,Python,9.959999999999999,PYPL,2014,3.0
4847,2015-02-01,Python,10.76,PYPL,2015,3.0
4859,2016-02-01,Python,12.25,PYPL,2016,2.0
4871,2017-02-01,Python,15.57,PYPL,2017,2.0
4883,2018-02-01,Python,20.57,PYPL,2018,2.0
4895,2019-02-01,Python,25.52,PYPL,2019,1.0
4907,2020-02-01,Python,29.28,PYPL,2020,1.0
4919,2021-02-01,Python,29.970000000000002,PYPL,2021,1.0
4931,2022-02-01,Python,28.38,PYPL,2022,1.0
4943,2023-02-01,Python,27.54,PYPL,2023,1.0
4955,2024-02-01,Python,28.110000000000003,PYPL,2024,1.0
5035,2011-02-01,R,1.28,PYPL,2011,13.0
5047,2012-02-01,R,1.49,PYPL,2012,13.0
5059,2013-02-01,R,1.87,PYPL,2013,12.0
5071,2014-02-01,R,2.17,PYPL,2014,11.0
5083,2015-02-01,R,2.67,PYPL,2015,9.0
5095,2016-02-01,R,3.06,PYPL,2016,9.0
5107,2017-02-01,R,3.61,PYPL,2017,8.0
5119,2018-02-01,R,4.15,PYPL,2018,7.0
5131,2019-02-01,R,3.94,PYPL,2019,7.0
5143,2020-02-01,R,3.75,PYPL,2020,7.0
5155,2021-02-01,R,3.84,PYPL,2021,7.0
5167,2022-02-01,R,4.25,PYPL,2022,7.0
5179,2023-02-01,R,4.09,PYPL,2023,7.0
5191,2024-02-01,R,4.75,PYPL,2024,6.0
5271,2011-02-01,Ruby,2.55,PYPL,2011,10.0
5283,2012-02-01,Ruby,2.44,PYPL,2012,10.0
5295,2013-02-01,Ruby,2.74,PYPL,2013,10.0
5307,2014-02-01,Ruby,2.59,PYPL,2014,10.0
5319,2015-02-01,Ruby,2.5100000000000002,PYPL,2015,10.0
5331,2016-02-01,Ruby,2.46,PYPL,2016,11.0
5343,2017-02-01,Ruby,2.1399999999999997,PYPL,2017,11.0
5355,2018-02-01,Ruby,1.67,PYPL,2018,11.0
5367,2019-02-01,Ruby,1.5,PYPL,2019,12.0
5379,2020-02-01,Ruby,1.3299999999999998,PYPL,2020,15.0
5391,2021-02-01,Ruby,1.05,PYPL,2021,14.0
5403,2022-02-01,Ruby,0.8099999999999999,PYPL,2022,17.0
5415,2023-02-01,Ruby,1.0,PYPL,2023,16.0
5427,2024-02-01,Ruby,0.98,PYPL,2024,16.0
5507,2011-02-01,Rust,0.09,PYPL,2011,22.0
5519,2012-02-01,Rust,0.06999999999999999,PYPL,2012,24.0
5531,2013-02-01,Rust,0.06,PYPL,2013,25.0
5543,2014-02-01,Rust,0.16,PYPL,2014,23.0
5555,2015-02-01,Rust,0.15,PYPL,2015,25.0
5567,2016-02-01,Rust,0.25,PYPL,2016,23.0
5579,2017-02-01,Rust,0.3,PYPL,2017,25.0
5591,2018-02-01,Rust,0.32,PYPL,2018,21.0
5603,2019-02-01,Rust,0.43,PYPL,2019,20.0
5615,2020-02-01,Rust,0.72,PYPL,2020,19.0
5627,2021-02-01,Rust,0.9199999999999999,PYPL,2021,16.0
5639,2022-02-01,Rust,1.02,PYPL,2022,15.0
5651,2023-02-01,Rust,1.96,PYPL,2023,11.0
5663,2024-02-01,Rust,2.23,PYPL,2024,11.0
5743,2011-02-01,Scala,0.29,PYPL,2011,20.0
5755,2012-02-01,Scala,0.38,PYPL,2012,18.0
5767,2013-02-01,Scala,0.42,PYPL,2013,18.0
5779,2014-02-01,Scala,0.61,PYPL,2014,16.0
5791,2015-02-01,Scala,0.7100000000000001,PYPL,2015,16.0
5803,2016-02-01,Scala,0.96,PYPL,2016,15.0
5815,2017-02-01,Scala,1.0999999999999999,PYPL,2017,14.0
5827,2018-02-01,Scala,1.31,PYPL,2018,13.0
5839,2019-02-01,Scala,1.13,PYPL,2019,14.0
5851,2020-02-01,Scala,1.11,PYPL,2020,17.0
5863,2021-02-01,Scala,0.76,PYPL,2021,17.0
5875,2022-02-01,Scala,0.62,PYPL,2022,19.0
5887,2023-02-01,Scala,0.6,PYPL,2023,20.0
5899,2024-02-01,Scala,0.59,PYPL,2024,20.0
5979,2011-02-01,Swift,0.0,PYPL,2011,25.0
5991,2012-02-01,Swift,0.0,PYPL,2012,27.0
6003,2013-02-01,Swift,0.0,PYPL,2013,28.0
6015,2014-02-01,Swift,0.06,PYPL,2014,26.0
6027,2015-02-01,Swift,2.4899999999999998,PYPL,2015,11.0
6039,2016-02-01,Swift,3.2300000000000004,PYPL,2016,8.0
6051,2017-02-01,Swift,3.5000000000000004,PYPL,2017,9.0
6063,2018-02-01,Swift,3.05,PYPL,2018,9.0
6075,2019-02-01,Swift,2.46,PYPL,2019,9.0
6087,2020-02-01,Swift,2.29,PYPL,2020,9.0
6099,2021-02-01,Swift,2.0,PYPL,2021,9.0
6111,2022-02-01,Swift,2.0,PYPL,2022,9.0
6123,2023-02-01,Swift,2.26,PYPL,2023,9.0
6135,2024-02-01,Swift,2.75,PYPL,2024,9.0
6215,2011-02-01,TypeScript,0.01,PYPL,2011,24.0
6227,2012-02-01,TypeScript,0.03,PYPL,2012,25.0
6239,2013-02-01,TypeScript,0.01,PYPL,2013,27.0
6251,2014-02-01,TypeScript,0.09,PYPL,2014,25.0
6263,2015-02-01,TypeScript,0.12,PYPL,2015,26.0
6275,2016-02-01,TypeScript,0.33999999999999997,PYPL,2016,20.0
6287,2017-02-01,TypeScript,1.05,PYPL,2017,15.0
6299,2018-02-01,TypeScript,1.41,PYPL,2018,12.0
6311,2019-02-01,TypeScript,1.5599999999999998,PYPL,2019,11.0
6323,2020-02-01,TypeScript,1.77,PYPL,2020,10.0
6335,2021-02-01,TypeScript,1.71,PYPL,2021,10.0
6347,2022-02-01,TypeScript,1.9900000000000002,PYPL,2022,10.0
6359,2023-02-01,TypeScript,2.79,PYPL,2023,8.0
6371,2024-02-01,TypeScript,2.78,PYPL,2024,8.0
6451,2011-02-01,VBA,2.12,PYPL,2011,11.0
6463,2012-02-01,VBA,2.21,PYPL,2012,12.0
6475,2013-02-01,VBA,1.81,PYPL,2013,13.0
6487,2014-02-01,VBA,1.68,PYPL,2014,12.0
6499,2015-02-01,VBA,1.47,PYPL,2015,13.0
6511,2016-02-01,VBA,1.54,PYPL,2016,13.0
6523,2017-02-01,VBA,1.4000000000000001,PYPL,2017,13.0
6535,2018-02-01,VBA,1.41,PYPL,2018,12.0
6547,2019-02-01,VBA,1.3599999999999999,PYPL,2019,13.0
6559,2020-02-01,VBA,1.35,PYPL,2020,14.0
6571,2021-02-01,VBA,1.16,PYPL,2021,13.0
6583,2022-02-01,VBA,1.05,PYPL,2022,14.0
6595,2023-02-01,VBA,1.01,PYPL,2023,15.0
6607,2024-02-01,VBA,0.88,PYPL,2024,18.0
6687,2011-02-01,Visual Basic,4.92,PYPL,2011,7.0
6699,2012-02-01,Visual Basic,4.01,PYPL,2012,7.0
6711,2013-02-01,Visual Basic,3.62,PYPL,2013,8.0
6723,2014-02-01,Visual Basic,2.91,PYPL,2014,9.0
6735,2015-02-01,Visual Basic,2.45,PYPL,2015,12.0
6747,2016-02-01,Visual Basic,1.9,PYPL,2016,12.0
6759,2017-02-01,Visual Basic,1.58,PYPL,2017,12.0
6771,2018-02-01,Visual Basic,1.31,PYPL,2018,13.0
6783,2019-02-01,Visual Basic,1.09,PYPL,2019,15.0
6795,2020-02-01,Visual Basic,0.8999999999999999,PYPL,2020,18.0
6807,2021-02-01,Visual Basic,0.76,PYPL,2021,17.0
6819,2022-02-01,Visual Basic,0.61,PYPL,2022,20.0
6831,2023-02-01,Visual Basic,0.59,PYPL,2023,21.0
6843,2024-02-01,Visual Basic,0.51,PYPL,2024,23.0
110,2011-02-08,C,14.99,TIOBE,2011,3.0
123,2012-02-05,C,16.52,TIOBE,2012,3.0
135,2013-02-08,C,17.08,TIOBE,2013,3.0
148,2014-02-08,C,18.33,TIOBE,2014,2.0
160,2015-02-05,C,16.49,TIOBE,2015,2.0
172,2016-02-02,C,15.59,TIOBE,2016,3.0
184,2017-02-08,C,8.44,TIOBE,2017,3.0
196,2018-02-08,C,11.86,TIOBE,2018,3.0
208,2019-02-06,C,12.42,TIOBE,2019,3.0
220,2020-02-04,C,16.77,TIOBE,2020,3.0
232,2021-02-06,C,16.34,TIOBE,2021,2.0
244,2022-02-02,C,14.08,TIOBE,2022,3.0
256,2023-02-01,C,15.39,TIOBE,2023,3.0
268,2024-02-02,C,10.97,TIOBE,2024,3.0
379,2011-02-08,Java,18.48,TIOBE,2011,2.0
392,2012-02-05,Java,17.05,TIOBE,2012,2.0
404,2013-02-08,Java,18.39,TIOBE,2013,2.0
417,2014-02-08,Java,17.32,TIOBE,2014,3.0
429,2015-02-05,Java,15.34,TIOBE,2015,3.0
441,2016-02-02,Java,21.14,TIOBE,2016,2.0
453,2017-02-08,Java,16.68,TIOBE,2017,1.0
465,2018-02-08,Java,14.99,TIOBE,2018,2.0
477,2019-02-06,Java,15.88,TIOBE,2019,2.0
489,2020-02-04,Java,17.36,TIOBE,2020,2.0
501,2021-02-06,Java,11.29,TIOBE,2021,3.0
513,2022-02-02,Java,12.13,TIOBE,2022,4.0
525,2023-02-01,Java,13.21,TIOBE,2023,5.0
537,2024-02-02,Java,8.88,TIOBE,2024,5.0
648,2011-02-08,Python,7.04,TIOBE,2011,5.0
661,2012-02-05,Python,3.15,TIOBE,2012,8.0
673,2013-02-08,Python,4.95,TIOBE,2013,8.0
686,2014-02-08,Python,2.16,TIOBE,2014,8.0
698,2015-02-05,Python,2.88,TIOBE,2015,9.0
710,2016-02-02,Python,4.18,TIOBE,2016,6.0
722,2017-02-08,Python,4.04,TIOBE,2017,6.0
734,2018-02-08,Python,5.17,TIOBE,2018,5.0
746,2019-02-06,Python,7.57,TIOBE,2019,4.0
758,2020-02-04,Python,9.35,TIOBE,2020,4.0
770,2021-02-06,Python,10.86,TIOBE,2021,4.0
782,2022-02-02,Python,15.33,TIOBE,2022,2.0
794,2023-02-01,Python,15.49,TIOBE,2023,2.0
806,2024-02-02,Python,15.16,TIOBE,2024,2.0
917,2011-02-08,C++,8.19,TIOBE,2011,4.0
930,2012-02-05,C++,7.85,TIOBE,2012,5.0
942,2013-02-08,C++,8.76,TIOBE,2013,5.0
955,2014-02-08,C++,6.89,TIOBE,2014,5.0
967,2015-02-05,C++,6.61,TIOBE,2015,4.0
979,2016-02-02,C++,6.91,TIOBE,2016,4.0
991,2017-02-08,C++,5.43,TIOBE,2017,4.0
1003,2018-02-08,C++,5.73,TIOBE,2018,4.0
1015,2019-02-06,C++,7.44,TIOBE,2019,5.0
1027,2020-02-04,C++,6.16,TIOBE,2020,5.0
1039,2021-02-06,C++,6.88,TIOBE,2021,5.0
1051,2022-02-02,C++,8.01,TIOBE,2022,5.0
1063,2023-02-01,C++,13.94,TIOBE,2023,4.0
1075,2024-02-02,C++,10.53,TIOBE,2024,4.0
1186,2011-02-08,C#,6.81,TIOBE,2011,7.0
1199,2012-02-05,C#,8.65,TIOBE,2012,4.0
1211,2013-02-08,C#,6.68,TIOBE,2013,6.0
1224,2014-02-08,C#,6.45,TIOBE,2014,6.0
1236,2015-02-05,C#,5.74,TIOBE,2015,6.0
1248,2016-02-02,C#,4.4,TIOBE,2016,5.0
1260,2017-02-08,C#,4.9,TIOBE,2017,5.0
1272,2018-02-08,C#,4.45,TIOBE,2018,6.0
1284,2019-02-06,C#,2.85,TIOBE,2019,7.0
1296,2020-02-04,C#,5.93,TIOBE,2020,6.0
1308,2021-02-06,C#,4.44,TIOBE,2021,6.0
1320,2022-02-02,C#,5.37,TIOBE,2022,6.0
1332,2023-02-01,C#,6.38,TIOBE,2023,6.0
1344,2024-02-02,C#,7.53,TIOBE,2024,6.0
1455,2011-02-08,Visual Basic,0.59,TIOBE,2011,15.0
1468,2012-02-05,Visual Basic,0.8,TIOBE,2012,14.0
1480,2013-02-08,Visual Basic,1.01,TIOBE,2013,12.0
1493,2014-02-08,Visual Basic,1.8,TIOBE,2014,10.0
1505,2015-02-05,Visual Basic,2.03,TIOBE,2015,10.0
1517,2016-02-02,Visual Basic,2.45,TIOBE,2016,8.0
1529,2017-02-08,Visual Basic,2.82,TIOBE,2017,9.0
1541,2018-02-08,Visual Basic,4.07,TIOBE,2018,7.0
1553,2019-02-06,Visual Basic,7.09,TIOBE,2019,6.0
1565,2020-02-04,Visual Basic,5.86,TIOBE,2020,7.0
1577,2021-02-06,Visual Basic,4.33,TIOBE,2021,7.0
1589,2022-02-02,Visual Basic,5.23,TIOBE,2022,7.0
1601,2023-02-01,Visual Basic,4.14,TIOBE,2023,7.0
1613,2024-02-02,Visual Basic,1.52,TIOBE,2024,10.0
1724,2011-02-08,JavaScript,2.56,TIOBE,2011,9.0
1737,2012-02-05,JavaScript,2.46,TIOBE,2012,10.0
1749,2013-02-08,JavaScript,1.42,TIOBE,2013,11.0
1762,2014-02-08,JavaScript,1.93,TIOBE,2014,9.0
1774,2015-02-05,JavaScript,3.51,TIOBE,2015,7.0
1786,2016-02-02,JavaScript,2.2,TIOBE,2016,10.0
1798,2017-02-08,JavaScript,2.87,TIOBE,2017,8.0
1810,2018-02-08,JavaScript,3.16,TIOBE,2018,9.0
1822,2019-02-06,JavaScript,2.85,TIOBE,2019,7.0
1834,2020-02-04,JavaScript,2.06,TIOBE,2020,8.0
1846,2021-02-06,JavaScript,2.27,TIOBE,2021,8.0
1858,2022-02-02,JavaScript,1.83,TIOBE,2022,8.0
1870,2023-02-01,JavaScript,2.52,TIOBE,2023,8.0
1882,2024-02-02,JavaScript,3.17,TIOBE,2024,7.0
1993,2011-02-08,PHP,6.97,TIOBE,2011,6.0
2006,2012-02-05,PHP,5.64,TIOBE,2012,7.0
2018,2013-02-08,PHP,5.07,TIOBE,2013,7.0
2031,2014-02-08,PHP,4.22,TIOBE,2014,7.0
2043,2015-02-05,PHP,3.17,TIOBE,2015,8.0
2055,2016-02-02,PHP,2.77,TIOBE,2016,7.0
2067,2017-02-08,PHP,3.07,TIOBE,2017,7.0
2079,2018-02-08,PHP,3.42,TIOBE,2018,8.0
2091,2019-02-06,PHP,2.27,TIOBE,2019,8.0
2103,2020-02-04,PHP,2.02,TIOBE,2020,9.0
2115,2021-02-06,PHP,1.75,TIOBE,2021,9.0
2127,2022-02-02,PHP,1.79,TIOBE,2022,9.0
2139,2023-02-01,PHP,1.29,TIOBE,2023,11.0
2151,2024-02-02,PHP,1.51,TIOBE,2024,11.0
2262,2011-02-08,R,0.56,TIOBE,2011,17.0
2275,2012-02-05,R,0.62,TIOBE,2012,16.0
2287,2013-02-08,R,0.46,TIOBE,2013,20.0
2300,2014-02-08,R,0.25,TIOBE,2014,23.0
2312,2015-02-05,R,0.96,TIOBE,2015,17.0
2324,2016-02-02,R,1.19,TIOBE,2016,17.0
2336,2017-02-08,R,1.92,TIOBE,2017,16.0
2348,2018-02-08,R,2.09,TIOBE,2018,14.0
2360,2019-02-06,R,1.04,TIOBE,2019,15.0
2372,2020-02-04,R,1.01,TIOBE,2020,14.0
2384,2021-02-06,R,1.56,TIOBE,2021,12.0
2396,2022-02-02,R,1.11,TIOBE,2022,14.0
2408,2023-02-01,R,1.08,TIOBE,2023,13.0
2420,2024-02-02,R,0.99,TIOBE,2024,20.0
2531,2011-02-08,SQL,,TIOBE,2011,1000.0
2544,2012-02-05,SQL,,TIOBE,2012,1000.0
2556,2013-02-08,SQL,,TIOBE,2013,1000.0
2569,2014-02-08,SQL,,TIOBE,2014,1000.0
2581,2015-02-05,SQL,,TIOBE,2015,1000.0
2593,2016-02-02,SQL,,TIOBE,2016,1000.0
2605,2017-02-08,SQL,,TIOBE,2017,1000.0
2617,2018-02-08,SQL,2.36,TIOBE,2018,12.0
2629,2019-02-06,SQL,1.9,TIOBE,2019,9.0
2641,2020-02-04,SQL,1.53,TIOBE,2020,10.0
2653,2021-02-06,SQL,1.72,TIOBE,2021,10.0
2665,2022-02-02,SQL,1.55,TIOBE,2022,11.0
2677,2023-02-01,SQL,2.12,TIOBE,2023,9.0
2689,2024-02-02,SQL,1.82,TIOBE,2024,8.0
2800,2011-02-08,Go,0.71,TIOBE,2011,14.0
2813,2012-02-05,Go,0.28,TIOBE,2012,23.0
2825,2013-02-08,Go,0.11,TIOBE,2013,24.0
2838,2014-02-08,Go,0.32,TIOBE,2014,21.0
2850,2015-02-05,Go,0.3,TIOBE,2015,27.0
2862,2016-02-02,Go,0.29,TIOBE,2016,27.0
2874,2017-02-08,Go,2.1,TIOBE,2017,15.0
2886,2018-02-08,Go,1.42,TIOBE,2018,19.0
2898,2019-02-06,Go,0.96,TIOBE,2019,17.0
2910,2020-02-04,Go,1.13,TIOBE,2020,12.0
2922,2021-02-06,Go,1.28,TIOBE,2021,14.0
2934,2022-02-02,Go,1.23,TIOBE,2022,12.0
2946,2023-02-01,Go,1.11,TIOBE,2023,12.0
2958,2024-02-02,Go,1.73,TIOBE,2024,9.0
3069,2011-02-08,Swift,,TIOBE,2011,1000.0
3082,2012-02-05,Swift,,TIOBE,2012,1000.0
3094,2013-02-08,Swift,,TIOBE,2013,1000.0
3107,2014-02-08,Swift,,TIOBE,2014,1000.0
3119,2015-02-05,Swift,0.72,TIOBE,2015,21.0
3131,2016-02-02,Swift,1.38,TIOBE,2016,16.0
3143,2017-02-08,Swift,2.13,TIOBE,2017,13.0
3155,2018-02-08,Swift,1.79,TIOBE,2018,17.0
3167,2019-02-06,Swift,0.92,TIOBE,2019,19.0
3179,2020-02-04,Swift,1.46,TIOBE,2020,11.0
3191,2021-02-06,Swift,1.13,TIOBE,2021,16.0
3203,2022-02-02,Swift,1.18,TIOBE,2022,13.0
3215,2023-02-01,Swift,0.93,TIOBE,2023,16.0
3227,2024-02-02,Swift,1.16,TIOBE,2024,16.0
3338,2011-02-08,Perl,1.91,TIOBE,2011,10.0
3351,2012-02-05,Perl,2.93,TIOBE,2012,9.0
3363,2013-02-08,Perl,2.25,TIOBE,2013,9.0
3376,2014-02-08,Perl,0.89,TIOBE,2014,13.0
3388,2015-02-05,Perl,1.39,TIOBE,2015,13.0
3400,2016-02-02,Perl,2.25,TIOBE,2016,9.0
3412,2017-02-08,Perl,2.17,TIOBE,2017,11.0
3424,2018-02-08,Perl,1.76,TIOBE,2018,18.0
3436,2019-02-06,Perl,1.1,TIOBE,2019,13.0
3448,2020-02-04,Perl,0.7,TIOBE,2020,19.0
3460,2021-02-06,Perl,0.93,TIOBE,2021,20.0
3472,2022-02-02,Perl,0.79,TIOBE,2022,20.0
3484,2023-02-01,Perl,0.79,TIOBE,2023,18.0
3496,2024-02-02,Perl,0.63,TIOBE,2024,23.0
3607,2011-02-08,Assembly,1.27,TIOBE,2011,12.0
3620,2012-02-05,Assembly,0.52,TIOBE,2012,18.0
3632,2013-02-08,Assembly,0.64,TIOBE,2013,16.0
3645,2014-02-08,Assembly,0.4,TIOBE,2014,18.0
3657,2015-02-05,Assembly,0.75,TIOBE,2015,20.0
3669,2016-02-02,Assembly,1.83,TIOBE,2016,14.0
3681,2017-02-08,Assembly,2.11,TIOBE,2017,14.0
3693,2018-02-08,Assembly,1.83,TIOBE,2018,16.0
3705,2019-02-06,Assembly,1.38,TIOBE,2019,11.0
3717,2020-02-04,Assembly,1.11,TIOBE,2020,13.0
3729,2021-02-06,Assembly,1.65,TIOBE,2021,11.0
3741,2022-02-02,Assembly,1.6,TIOBE,2022,10.0
3753,2023-02-01,Assembly,1.38,TIOBE,2023,10.0
3765,2024-02-02,Assembly,1.19,TIOBE,2024,14.0
3876,2011-02-08,Ruby,1.62,TIOBE,2011,11.0
3889,2012-02-05,Ruby,1.56,TIOBE,2012,12.0
3901,2013-02-08,Ruby,1.75,TIOBE,2013,10.0
3914,2014-02-08,Ruby,0.92,TIOBE,2014,12.0
3926,2015-02-05,Ruby,0.87,TIOBE,2015,18.0
3938,2016-02-02,Ruby,2.05,TIOBE,2016,12.0
3950,2017-02-08,Ruby,2.15,TIOBE,2017,12.0
3962,2018-02-08,Ruby,2.53,TIOBE,2018,11.0
3974,2019-02-06,Ruby,1.04,TIOBE,2019,15.0
3986,2020-02-04,Ruby,0.84,TIOBE,2020,15.0
3998,2021-02-06,Ruby,1.23,TIOBE,2021,15.0
4010,2022-02-02,Ruby,0.89,TIOBE,2022,17.0
4022,2023-02-01,Ruby,0.83,TIOBE,2023,17.0
4034,2024-02-02,Ruby,0.99,TIOBE,2024,20.0
4145,2011-02-08,MATLAB,0.48,TIOBE,2011,18.0
4158,2012-02-05,MATLAB,0.49,TIOBE,2012,19.0
4170,2013-02-08,MATLAB,0.65,TIOBE,2013,15.0
4183,2014-02-08,MATLAB,0.64,TIOBE,2014,14.0
4195,2015-02-05,MATLAB,1.03,TIOBE,2015,16.0
4207,2016-02-02,MATLAB,1.09,TIOBE,2016,18.0
4219,2017-02-08,MATLAB,1.72,TIOBE,2017,18.0
4231,2018-02-08,MATLAB,1.23,TIOBE,2018,20.0
4243,2019-02-06,MATLAB,1.2,TIOBE,2019,12.0
4255,2020-02-04,MATLAB,0.79,TIOBE,2020,16.0
4267,2021-02-06,MATLAB,1.06,TIOBE,2021,17.0
4279,2022-02-02,MATLAB,1.03,TIOBE,2022,15.0
4291,2023-02-01,MATLAB,0.99,TIOBE,2023,14.0
4303,2024-02-02,MATLAB,1.26,TIOBE,2024,13.0
4414,2011-02-08,Groovy,0.26,TIOBE,2011,22.0
4427,2012-02-05,Groovy,0.41,TIOBE,2012,20.0
4439,2013-02-08,Groovy,0.13,TIOBE,2013,23.0
4452,2014-02-08,Groovy,0.14,TIOBE,2014,25.0
4464,2015-02-05,Groovy,0.5,TIOBE,2015,23.0
4476,2016-02-02,Groovy,1.01,TIOBE,2016,20.0
4488,2017-02-08,Groovy,0.5,TIOBE,2017,27.0
4500,2018-02-08,Groovy,0.19,TIOBE,2018,30.0
4512,2019-02-06,Groovy,0.94,TIOBE,2019,18.0
4524,2020-02-04,Groovy,0.41,TIOBE,2020,24.0
4536,2021-02-06,Groovy,1.5,TIOBE,2021,13.0
4548,2022-02-02,Groovy,0.74,TIOBE,2022,21.0
4560,2023-02-01,Groovy,0.37,TIOBE,2023,27.0
4572,2024-02-02,Groovy,0.22,TIOBE,2024,30.0
4683,2011-02-08,Rust,,TIOBE,2011,1000.0
4696,2012-02-05,Rust,0.02,TIOBE,2012,25.0
4708,2013-02-08,Rust,0.0,TIOBE,2013,26.0
4721,2014-02-08,Rust,0.03,TIOBE,2014,27.0
4733,2015-02-05,Rust,0.05,TIOBE,2015,29.0
4745,2016-02-02,Rust,0.2,TIOBE,2016,28.0
4757,2017-02-08,Rust,0.36,TIOBE,2017,28.0
4769,2018-02-08,Rust,0.2,TIOBE,2018,29.0
4781,2019-02-06,Rust,0.23,TIOBE,2019,26.0
4793,2020-02-04,Rust,0.35,TIOBE,2020,26.0
4805,2021-02-06,Rust,0.49,TIOBE,2021,28.0
4817,2022-02-02,Rust,0.54,TIOBE,2022,24.0
4829,2023-02-01,Rust,0.7,TIOBE,2023,21.0
4841,2024-02-02,Rust,1.05,TIOBE,2024,18.0
4952,2011-02-08,Objective-C,2.57,TIOBE,2011,8.0
4965,2012-02-05,Objective-C,7.06,TIOBE,2012,6.0
4977,2013-02-08,Objective-C,9.8,TIOBE,2013,4.0
4990,2014-02-08,Objective-C,11.34,TIOBE,2014,4.0
5002,2015-02-05,Objective-C,6.02,TIOBE,2015,5.0
5014,2016-02-02,Objective-C,1.4,TIOBE,2016,15.0
5026,2017-02-08,Objective-C,1.54,TIOBE,2017,20.0
5038,2018-02-08,Objective-C,1.13,TIOBE,2018,21.0
5050,2019-02-06,Objective-C,1.45,TIOBE,2019,10.0
5062,2020-02-04,Objective-C,0.69,TIOBE,2020,20.0
5074,2021-02-06,Objective-C,0.89,TIOBE,2021,21.0
5086,2022-02-02,Objective-C,0.81,TIOBE,2022,19.0
5098,2023-02-01,Objective-C,0.48,TIOBE,2023,25.0
5110,2024-02-02,Objective-C,0.47,TIOBE,2024,25.0
5221,2011-02-08,Dart,,TIOBE,2011,1000.0
5234,2012-02-05,Dart,0.09,TIOBE,2012,24.0
5246,2013-02-08,Dart,0.08,TIOBE,2013,25.0
5259,2014-02-08,Dart,0.03,TIOBE,2014,27.0
5271,2015-02-05,Dart,0.09,TIOBE,2015,28.0
5283,2016-02-02,Dart,0.62,TIOBE,2016,24.0
5295,2017-02-08,Dart,1.17,TIOBE,2017,22.0
5307,2018-02-08,Dart,1.02,TIOBE,2018,22.0
5319,2019-02-06,Dart,0.54,TIOBE,2019,22.0
5331,2020-02-04,Dart,0.55,TIOBE,2020,22.0
5343,2021-02-06,Dart,0.42,TIOBE,2021,29.0
5355,2022-02-02,Dart,0.42,TIOBE,2022,25.0
5367,2023-02-01,Dart,0.24,TIOBE,2023,31.0
5379,2024-02-02,Dart,0.58,TIOBE,2024,24.0
5490,2011-02-08,Classic Visual Basic,,TIOBE,2011,1000.0
5503,2012-02-05,Classic Visual Basic,,TIOBE,2012,1000.0
5515,2013-02-08,Classic Visual Basic,,TIOBE,2013,1000.0
5528,2014-02-08,Classic Visual Basic,,TIOBE,2014,1000.0
5540,2015-02-05,Classic Visual Basic,1.72,TIOBE,2015,11.0
5552,2016-02-02,Classic Visual Basic,1.86,TIOBE,2016,13.0
5564,2017-02-08,Classic Visual Basic,1.88,TIOBE,2017,17.0
5576,2018-02-08,Classic Visual Basic,2.18,TIOBE,2018,13.0
5588,2019-02-06,Classic Visual Basic,0.99,TIOBE,2019,16.0
5600,2020-02-04,Classic Visual Basic,0.6,TIOBE,2020,21.0
5612,2021-02-06,Classic Visual Basic,1.01,TIOBE,2021,19.0
5624,2022-02-02,Classic Visual Basic,0.83,TIOBE,2022,18.0
5636,2023-02-01,Classic Visual Basic,0.74,TIOBE,2023,20.0
5648,2024-02-02,Classic Visual Basic,0.82,TIOBE,2024,21.0
5759,2011-02-08,PL/SQL,0.41,TIOBE,2011,19.0
5772,2012-02-05,PL/SQL,0.79,TIOBE,2012,15.0
5784,2013-02-08,PL/SQL,0.61,TIOBE,2013,18.0
5797,2014-02-08,PL/SQL,0.6,TIOBE,2014,15.0
5809,2015-02-05,PL/SQL,1.26,TIOBE,2015,14.0
5821,2016-02-02,PL/SQL,1.06,TIOBE,2016,19.0
5833,2017-02-08,PL/SQL,1.55,TIOBE,2017,19.0
5845,2018-02-08,PL/SQL,1.88,TIOBE,2018,15.0
5857,2019-02-06,PL/SQL,0.82,TIOBE,2019,20.0
5869,2020-02-04,PL/SQL,0.76,TIOBE,2020,17.0
5881,2021-02-06,PL/SQL,0.52,TIOBE,2021,27.0
5893,2022-02-02,PL/SQL,0.37,TIOBE,2022,29.0
5905,2023-02-01,PL/SQL,0.32,TIOBE,2023,28.0
5917,2024-02-02,PL/SQL,0.24,TIOBE,2024,29.0
6028,2011-02-08,Pascal,1.06,TIOBE,2011,13.0
6041,2012-02-05,Pascal,1.96,TIOBE,2012,11.0
6053,2013-02-08,Pascal,0.89,TIOBE,2013,13.0
6066,2014-02-08,Pascal,0.52,TIOBE,2014,16.0
6078,2015-02-05,Pascal,1.57,TIOBE,2015,12.0
6090,2016-02-02,Pascal,2.16,TIOBE,2016,11.0
6102,2017-02-08,Pascal,2.48,TIOBE,2017,10.0
6114,2018-02-08,Pascal,2.59,TIOBE,2018,10.0
6126,2019-02-06,Pascal,1.07,TIOBE,2019,14.0
6138,2020-02-04,Pascal,0.75,TIOBE,2020,18.0
6150,2021-02-06,Pascal,1.02,TIOBE,2021,18.0
6162,2022-02-02,Pascal,0.9,TIOBE,2022,16.0
6174,2023-02-01,Pascal,0.95,TIOBE,2023,15.0
6186,2024-02-02,Pascal,1.4,TIOBE,2024,12.0
6297,2011-02-08,Transact-SQL,0.56,TIOBE,2011,17.0
6310,2012-02-05,Transact-SQL,0.85,TIOBE,2012,13.0
6322,2013-02-08,Transact-SQL,0.77,TIOBE,2013,14.0
6335,2014-02-08,Transact-SQL,1.67,TIOBE,2014,11.0
6347,2015-02-05,Transact-SQL,1.12,TIOBE,2015,15.0
6359,2016-02-02,Transact-SQL,0.62,TIOBE,2016,24.0
6371,2017-02-08,Transact-SQL,0.72,TIOBE,2017,25.0
6383,2018-02-08,Transact-SQL,0.65,TIOBE,2018,24.0
6395,2019-02-06,Transact-SQL,0.28,TIOBE,2019,25.0
6407,2020-02-04,Transact-SQL,0.38,TIOBE,2020,25.0
6419,2021-02-06,Transact-SQL,0.55,TIOBE,2021,25.0
6431,2022-02-02,Transact-SQL,0.16,TIOBE,2022,30.0
6443,2023-02-01,Transact-SQL,0.49,TIOBE,2023,24.0
6455,2024-02-02,Transact-SQL,0.4,TIOBE,2024,28.0
6566,2011-02-08,Fortran,0.58,TIOBE,2011,16.0
6579,2012-02-05,Fortran,0.52,TIOBE,2012,18.0
6591,2013-02-08,Fortran,0.46,TIOBE,2013,20.0
6604,2014-02-08,Fortran,0.36,TIOBE,2014,20.0
6616,2015-02-05,Fortran,0.54,TIOBE,2015,22.0
6628,2016-02-02,Fortran,0.67,TIOBE,2016,23.0
6640,2017-02-08,Fortran,0.83,TIOBE,2017,23.0
6652,2018-02-08,Fortran,0.48,TIOBE,2018,27.0
6664,2019-02-06,Fortran,0.51,TIOBE,2019,23.0
6676,2020-02-04,Fortran,0.23,TIOBE,2020,30.0
6688,2021-02-06,Fortran,0.63,TIOBE,2021,23.0
6700,2022-02-02,Fortran,0.58,TIOBE,2022,23.0
6712,2023-02-01,Fortran,0.58,TIOBE,2023,22.0
6724,2024-02-02,Fortran,1.4,TIOBE,2024,12.0
6835,2011-02-08,Prolog,0.24,TIOBE,2011,23.0
6848,2012-02-05,Prolog,0.39,TIOBE,2012,21.0
6860,2013-02-08,Prolog,0.34,TIOBE,2013,22.0
6873,2014-02-08,Prolog,0.27,TIOBE,2014,22.0
6885,2015-02-05,Prolog,0.32,TIOBE,2015,26.0
6897,2016-02-02,Prolog,0.37,TIOBE,2016,26.0
6909,2017-02-08,Prolog,0.62,TIOBE,2017,26.0
6921,2018-02-08,Prolog,0.33,TIOBE,2018,28.0
6933,2019-02-06,Prolog,0.28,TIOBE,2019,25.0
6945,2020-02-04,Prolog,0.14,TIOBE,2020,32.0
6957,2021-02-06,Prolog,0.54,TIOBE,2021,26.0
6969,2022-02-02,Prolog,0.39,TIOBE,2022,28.0
6981,2023-02-01,Prolog,0.19,TIOBE,2023,32.0
6993,2024-02-02,Prolog,0.77,TIOBE,2024,22.0
7104,2011-02-08,Lua,0.71,TIOBE,2011,14.0
7117,2012-02-05,Lua,0.53,TIOBE,2012,17.0
7129,2013-02-08,Lua,0.62,TIOBE,2013,17.0
7142,2014-02-08,Lua,0.39,TIOBE,2014,19.0
7154,2015-02-05,Lua,0.35,TIOBE,2015,25.0
7166,2016-02-02,Lua,0.52,TIOBE,2016,25.0
7178,2017-02-08,Lua,0.76,TIOBE,2017,24.0
7190,2018-02-08,Lua,0.52,TIOBE,2018,26.0
7202,2019-02-06,Lua,0.56,TIOBE,2019,21.0
7214,2020-02-04,Lua,0.24,TIOBE,2020,29.0
7226,2021-02-06,Lua,0.34,TIOBE,2021,30.0
7238,2022-02-02,Lua,0.4,TIOBE,2022,27.0
7250,2023-02-01,Lua,0.53,TIOBE,2023,23.0
7262,2024-02-02,Lua,0.44,TIOBE,2024,26.0
7373,2011-02-08,Scratch,0.34,TIOBE,2011,20.0
7386,2012-02-05,Scratch,0.35,TIOBE,2012,22.0
7398,2013-02-08,Scratch,0.41,TIOBE,2013,21.0
7411,2014-02-08,Scratch,0.21,TIOBE,2014,24.0
7423,2015-02-05,Scratch,0.41,TIOBE,2015,24.0
7435,2016-02-02,Scratch,0.79,TIOBE,2016,22.0
7447,2017-02-08,Scratch,1.5,TIOBE,2017,21.0
7459,2018-02-08,Scratch,0.94,TIOBE,2018,23.0
7471,2019-02-06,Scratch,0.46,TIOBE,2019,24.0
7483,2020-02-04,Scratch,0.53,TIOBE,2020,23.0
7495,2021-02-06,Scratch,0.82,TIOBE,2021,22.0
7507,2022-02-02,Scratch,0.64,TIOBE,2022,22.0
7519,2023-02-01,Scratch,0.76,TIOBE,2023,19.0
7531,2024-02-02,Scratch,1.18,TIOBE,2024,15.0
7642,2011-02-08,COBOL,0.31,TIOBE,2011,21.0
7655,2012-02-05,COBOL,0.35,TIOBE,2012,22.0
7667,2013-02-08,COBOL,0.51,TIOBE,2013,19.0
7680,2014-02-08,COBOL,0.42,TIOBE,2014,17.0
7692,2015-02-05,COBOL,0.86,TIOBE,2015,19.0
7704,2016-02-02,COBOL,0.85,TIOBE,2016,21.0
7716,2017-02-08,COBOL,1.17,TIOBE,2017,22.0
7728,2018-02-08,COBOL,0.63,TIOBE,2018,25.0
7740,2019-02-06,COBOL,0.51,TIOBE,2019,23.0
7752,2020-02-04,COBOL,0.34,TIOBE,2020,27.0
7764,2021-02-06,COBOL,0.58,TIOBE,2021,24.0
7776,2022-02-02,COBOL,0.42,TIOBE,2022,25.0
7788,2023-02-01,COBOL,0.41,TIOBE,2023,26.0
7800,2024-02-02,COBOL,1.01,TIOBE,2024,19.0
7911,2011-02-08,Julia,,TIOBE,2011,1000.0
7924,2012-02-05,Julia,,TIOBE,2012,1000.0
7936,2013-02-08,Julia,,TIOBE,2013,1000.0
7949,2014-02-08,Julia,0.04,TIOBE,2014,26.0
7961,2015-02-05,Julia,0.04,TIOBE,2015,30.0
7973,2016-02-02,Julia,0.11,TIOBE,2016,29.0
7985,2017-02-08,Julia,0.21,TIOBE,2017,29.0
7997,2018-02-08,Julia,0.19,TIOBE,2018,30.0
8009,2019-02-06,Julia,0.17,TIOBE,2019,27.0
8021,2020-02-04,Julia,0.17,TIOBE,2020,31.0
8033,2021-02-06,Julia,0.52,TIOBE,2021,27.0
8045,2022-02-02,Julia,0.4,TIOBE,2022,27.0
8057,2023-02-01,Julia,0.29,TIOBE,2023,30.0
8069,2024-02-02,Julia,0.43,TIOBE,2024,27.0
8180,2011-02-08,Kotlin,,TIOBE,2011,1000.0
8193,2012-02-05,Kotlin,,TIOBE,2012,1000.0
8205,2013-02-08,Kotlin,,TIOBE,2013,1000.0
8218,2014-02-08,Kotlin,,TIOBE,2014,1000.0
8230,2015-02-05,Kotlin,,TIOBE,2015,1000.0
8242,2016-02-02,Kotlin,0.02,TIOBE,2016,30.0
8254,2017-02-08,Kotlin,0.09,TIOBE,2017,30.0
8266,2018-02-08,Kotlin,0.2,TIOBE,2018,29.0
8278,2019-02-06,Kotlin,0.23,TIOBE,2019,26.0
8290,2020-02-04,Kotlin,0.27,TIOBE,2020,28.0
8302,2021-02-06,Kotlin,0.32,TIOBE,2021,31.0
8314,2022-02-02,Kotlin,0.41,TIOBE,2022,26.0
8326,2023-02-01,Kotlin,0.31,TIOBE,2023,29.0
8338,2024-02-02,Kotlin,1.07,TIOBE,2024,17.0
8449,2011-02-08,C/C++,23.18,TIOBE,2011,1.0
8462,2012-02-05,C/C++,24.369999999999997,TIOBE,2012,1.0
8474,2013-02-08,C/C++,25.839999999999996,TIOBE,2013,1.0
8487,2014-02-08,C/C++,25.22,TIOBE,2014,1.0
8499,2015-02-05,C/C++,23.099999999999998,TIOBE,2015,1.0
8511,2016-02-02,C/C++,22.5,TIOBE,2016,1.0
8523,2017-02-08,C/C++,13.87,TIOBE,2017,2.0
8535,2018-02-08,C/C++,17.59,TIOBE,2018,1.0
8547,2019-02-06,C/C++,19.86,TIOBE,2019,1.0
8559,2020-02-04,C/C++,22.93,TIOBE,2020,1.0
8571,2021-02-06,C/C++,23.22,TIOBE,2021,1.0
8583,2022-02-02,C/C++,22.09,TIOBE,2022,1.0
8595,2023-02-01,C/C++,29.33,TIOBE,2023,1.0
8607,2024-02-02,C/C++,21.5,TIOBE,2024,1.0
0,,VB.NET,0.0,StackOverflow,2023,52.0
1,,VB.NET,0.0,StackOverflow,2022,44.0
2,,VB.NET,0.0,StackOverflow,2021,39.0
3,,VB.NET,0.0,StackOverflow,2020,27.0
4,,VB.NET,0.0,StackOverflow,2019,30.0
5,,VB.NET,5.31,StackOverflow,2018,19.0
6,,VB.NET,4.42,StackOverflow,2017,14.0
7,,VB.NET,5.31,StackOverflow,2016,19.0
8,,Apex,0.65,StackOverflow,2023,45.0
9,,Apex,0.0,StackOverflow,2022,44.0
10,,Apex,0.0,StackOverflow,2021,39.0
11,,Apex,0.0,StackOverflow,2020,27.0
12,,Apex,0.0,StackOverflow,2019,30.0
13,,Apex,0.0,StackOverflow,2018,40.0
14,,Apex,0.0,StackOverflow,2017,36.0
15,,Apex,0.0,StackOverflow,2016,40.0
16,,Go,13.0,StackOverflow,2023,13.0
17,,Go,10.81,StackOverflow,2022,13.0
18,,Go,9.44,StackOverflow,2021,14.0
19,,Go,7.82,StackOverflow,2020,13.0
20,,Go,8.1,StackOverflow,2019,14.0
21,,Go,5.6,StackOverflow,2018,17.0
22,,Go,3.03,StackOverflow,2017,20.0
23,,Go,5.6,StackOverflow,2016,17.0
24,,NA,2.29,StackOverflow,2023,29.0
25,,NA,3.13,StackOverflow,2022,26.0
26,,NA,1.3,StackOverflow,2021,32.0
27,,NA,10.99,StackOverflow,2020,12.0
28,,NA,1.48,StackOverflow,2019,24.0
29,,NA,20.76,StackOverflow,2018,10.0
30,,NA,28.73,StackOverflow,2017,3.0
31,,NA,20.76,StackOverflow,2016,10.0
32,,Ruby,6.12,StackOverflow,2023,16.0
33,,Ruby,5.87,StackOverflow,2022,17.0
34,,Ruby,6.67,StackOverflow,2021,17.0
35,,Ruby,6.28,StackOverflow,2020,15.0
36,,Ruby,8.25,StackOverflow,2019,13.0
37,,Ruby,8.0,StackOverflow,2018,14.0
38,,Ruby,6.47,StackOverflow,2017,11.0
39,,Ruby,8.0,StackOverflow,2016,14.0
40,,Other(s):,0.0,StackOverflow,2023,52.0
41,,Other(s):,0.0,StackOverflow,2022,44.0
42,,Other(s):,0.0,StackOverflow,2021,39.0
43,,Other(s):,0.0,StackOverflow,2020,27.0
44,,Other(s):,8.91,StackOverflow,2019,12.0
45,,Other(s):,0.0,StackOverflow,2018,40.0
46,,Other(s):,0.0,StackOverflow,2017,36.0
47,,Other(s):,0.0,StackOverflow,2016,40.0
48,,Prolog,0.87,StackOverflow,2023,41.0
49,,Prolog,0.0,StackOverflow,2022,44.0
50,,Prolog,0.0,StackOverflow,2021,39.0
51,,Prolog,0.0,StackOverflow,2020,27.0
52,,Prolog,0.0,StackOverflow,2019,30.0
53,,Prolog,0.0,StackOverflow,2018,40.0
54,,Prolog,0.0,StackOverflow,2017,36.0
55,,Prolog,0.0,StackOverflow,2016,40.0
56,,Clojure,1.24,StackOverflow,2023,36.0
57,,Clojure,1.46,StackOverflow,2022,33.0
58,,Clojure,1.86,StackOverflow,2021,29.0
59,,Clojure,0.0,StackOverflow,2020,27.0
60,,Clojure,1.41,StackOverflow,2019,26.0
61,,Clojure,1.04,StackOverflow,2018,34.0
62,,Clojure,0.76,StackOverflow,2017,28.0
63,,Clojure,1.04,StackOverflow,2016,34.0
64,,Zig,0.82,StackOverflow,2023,42.0
65,,Zig,0.0,StackOverflow,2022,44.0
66,,Zig,0.0,StackOverflow,2021,39.0
67,,Zig,0.0,StackOverflow,2020,27.0
68,,Zig,0.0,StackOverflow,2019,30.0
69,,Zig,0.0,StackOverflow,2018,40.0
70,,Zig,0.0,StackOverflow,2017,36.0
71,,Zig,0.0,StackOverflow,2016,40.0
72,,Matlab,0.0,StackOverflow,2023,52.0
73,,Matlab,0.0,StackOverflow,2022,44.0
74,,Matlab,4.61,StackOverflow,2021,22.0
75,,Matlab,0.0,StackOverflow,2020,27.0
76,,Matlab,0.0,StackOverflow,2019,30.0
77,,Matlab,4.62,StackOverflow,2018,21.0
78,,Matlab,3.05,StackOverflow,2017,19.0
79,,Matlab,4.62,StackOverflow,2016,21.0
80,,SQL,47.79,StackOverflow,2023,4.0
81,,SQL,47.94,StackOverflow,2022,3.0
82,,SQL,46.54,StackOverflow,2021,4.0
83,,SQL,48.73,StackOverflow,2020,3.0
84,,SQL,53.49,StackOverflow,2019,3.0
85,,SQL,45.19,StackOverflow,2018,4.0
86,,SQL,36.49,StackOverflow,2017,2.0
87,,SQL,45.19,StackOverflow,2016,4.0
88,,CoffeeScript,0.0,StackOverflow,2023,52.0
89,,CoffeeScript,0.0,StackOverflow,2022,44.0
90,,CoffeeScript,0.0,StackOverflow,2021,39.0
91,,CoffeeScript,0.0,StackOverflow,2020,27.0
92,,CoffeeScript,0.0,StackOverflow,2019,30.0
93,,CoffeeScript,2.63,StackOverflow,2018,29.0
94,,CoffeeScript,2.32,StackOverflow,2017,22.0
95,,CoffeeScript,2.63,StackOverflow,2016,29.0
96,,PowerShell,13.35,StackOverflow,2023,12.0
97,,PowerShell,11.7,StackOverflow,2022,12.0
98,,PowerShell,10.63,StackOverflow,2021,13.0
99,,PowerShell,0.0,StackOverflow,2020,27.0
100,,PowerShell,0.0,StackOverflow,2019,30.0
101,,PowerShell,0.0,StackOverflow,2018,40.0
102,,PowerShell,0.0,StackOverflow,2017,36.0
103,,PowerShell,0.0,StackOverflow,2016,40.0
104,,Visual Basic 6,0.0,StackOverflow,2023,52.0
105,,Visual Basic 6,0.0,StackOverflow,2022,44.0
106,,Visual Basic 6,0.0,StackOverflow,2021,39.0
107,,Visual Basic 6,0.0,StackOverflow,2020,27.0
108,,Visual Basic 6,0.0,StackOverflow,2019,30.0
109,,Visual Basic 6,3.12,StackOverflow,2018,27.0
110,,Visual Basic 6,2.08,StackOverflow,2017,23.0
111,,Visual Basic 6,3.12,StackOverflow,2016,27.0
112,,Objective-C,2.26,StackOverflow,2023,31.0
113,,Objective-C,2.32,StackOverflow,2022,28.0
114,,Objective-C,2.77,StackOverflow,2021,24.0
115,,Objective-C,3.63,StackOverflow,2020,21.0
116,,Objective-C,4.72,StackOverflow,2019,20.0
117,,Objective-C,5.57,StackOverflow,2018,18.0
118,,Objective-C,4.57,StackOverflow,2017,13.0
119,,Objective-C,5.57,StackOverflow,2016,18.0
120,,Lisp,1.5,StackOverflow,2023,34.0
121,,Lisp,0.0,StackOverflow,2022,44.0
122,,Lisp,0.0,StackOverflow,2021,39.0
123,,Lisp,0.0,StackOverflow,2020,27.0
124,,Lisp,0.0,StackOverflow,2019,30.0
125,,Lisp,0.0,StackOverflow,2018,40.0
126,,Lisp,0.0,StackOverflow,2017,36.0
127,,Lisp,0.0,StackOverflow,2016,40.0
128,,Delphi,3.17,StackOverflow,2023,26.0
129,,Delphi,3.15,StackOverflow,2022,25.0
130,,Delphi,2.07,StackOverflow,2021,28.0
131,,Delphi,0.0,StackOverflow,2020,27.0
132,,Delphi,0.0,StackOverflow,2019,30.0
133,,Delphi,0.0,StackOverflow,2018,40.0
134,,Delphi,0.0,StackOverflow,2017,36.0
135,,Delphi,0.0,StackOverflow,2016,40.0
136,,CSS,0.0,StackOverflow,2023,52.0
137,,CSS,0.0,StackOverflow,2022,44.0
138,,CSS,0.0,StackOverflow,2021,39.0
139,,CSS,0.0,StackOverflow,2020,27.0
140,,CSS,0.0,StackOverflow,2019,30.0
141,,CSS,51.57,StackOverflow,2018,3.0
142,,CSS,0.0,StackOverflow,2017,36.0
143,,CSS,51.57,StackOverflow,2016,3.0
144,,Hack,0.0,StackOverflow,2023,52.0
145,,Hack,0.0,StackOverflow,2022,44.0
146,,Hack,0.0,StackOverflow,2021,39.0
147,,Hack,0.0,StackOverflow,2020,27.0
148,,Hack,0.0,StackOverflow,2019,30.0
149,,Hack,0.26,StackOverflow,2018,39.0
150,,Hack,0.21,StackOverflow,2017,35.0
151,,Hack,0.26,StackOverflow,2016,39.0
152,,APL,0.25,StackOverflow,2023,49.0
153,,APL,0.69,StackOverflow,2022,39.0
154,,APL,0.64,StackOverflow,2021,36.0
155,,APL,0.0,StackOverflow,2020,27.0
156,,APL,0.0,StackOverflow,2019,30.0
157,,APL,0.0,StackOverflow,2018,40.0
158,,APL,0.0,StackOverflow,2017,36.0
159,,APL,0.0,StackOverflow,2016,40.0
160,,Ada,0.76,StackOverflow,2023,43.0
161,,Ada,0.0,StackOverflow,2022,44.0
162,,Ada,0.0,StackOverflow,2021,39.0
163,,Ada,0.0,StackOverflow,2020,27.0
164,,Ada,0.0,StackOverflow,2019,30.0
165,,Ada,0.0,StackOverflow,2018,40.0
166,,Ada,0.0,StackOverflow,2017,36.0
167,,Ada,0.0,StackOverflow,2016,40.0
168,,GDScript,1.68,StackOverflow,2023,33.0
169,,GDScript,0.0,StackOverflow,2022,44.0
170,,GDScript,0.0,StackOverflow,2021,39.0
171,,GDScript,0.0,StackOverflow,2020,27.0
172,,GDScript,0.0,StackOverflow,2019,30.0
173,,GDScript,0.0,StackOverflow,2018,40.0
174,,GDScript,0.0,StackOverflow,2017,36.0
175,,GDScript,0.0,StackOverflow,2016,40.0
176,,Assembly,5.33,StackOverflow,2023,19.0
177,,Assembly,5.31,StackOverflow,2022,18.0
178,,Assembly,5.55,StackOverflow,2021,19.0
179,,Assembly,5.51,StackOverflow,2020,16.0
180,,Assembly,6.56,StackOverflow,2019,15.0
181,,Assembly,5.83,StackOverflow,2018,16.0
182,,Assembly,3.55,StackOverflow,2017,15.0
183,,Assembly,5.83,StackOverflow,2016,16.0
184,,Smalltalk,0.0,StackOverflow,2023,52.0
185,,Smalltalk,0.0,StackOverflow,2022,44.0
186,,Smalltalk,0.0,StackOverflow,2021,39.0
187,,Smalltalk,0.0,StackOverflow,2020,27.0
188,,Smalltalk,0.0,StackOverflow,2019,30.0
189,,Smalltalk,0.0,StackOverflow,2018,40.0
190,,Smalltalk,0.64,StackOverflow,2017,30.0
191,,Smalltalk,0.0,StackOverflow,2016,40.0
192,,R,4.15,StackOverflow,2023,21.0
193,,R,4.51,StackOverflow,2022,20.0
194,,R,5.02,StackOverflow,2021,21.0
195,,R,5.1,StackOverflow,2020,19.0
196,,R,5.68,StackOverflow,2019,18.0
197,,R,4.87,StackOverflow,2018,20.0
198,,R,3.18,StackOverflow,2017,16.0
199,,R,4.87,StackOverflow,2016,20.0
200,,Ocaml,0.0,StackOverflow,2023,52.0
201,,Ocaml,0.0,StackOverflow,2022,44.0
202,,Ocaml,0.0,StackOverflow,2021,39.0
203,,Ocaml,0.0,StackOverflow,2020,27.0
204,,Ocaml,0.0,StackOverflow,2019,30.0
205,,Ocaml,0.48,StackOverflow,2018,37.0
206,,Ocaml,0.0,StackOverflow,2017,36.0
207,,Ocaml,0.48,StackOverflow,2016,37.0
208,,Delphi/Object Pascal,0.0,StackOverflow,2023,52.0
209,,Delphi/Object Pascal,0.0,StackOverflow,2022,44.0
210,,Delphi/Object Pascal,0.0,StackOverflow,2021,39.0
211,,Delphi/Object Pascal,0.0,StackOverflow,2020,27.0
212,,Delphi/Object Pascal,0.0,StackOverflow,2019,30.0
213,,Delphi/Object Pascal,2.05,StackOverflow,2018,30.0
214,,Delphi/Object Pascal,0.0,StackOverflow,2017,36.0
215,,Delphi/Object Pascal,2.05,StackOverflow,2016,30.0
216,,WebAssembly,0.0,StackOverflow,2023,52.0
217,,WebAssembly,0.0,StackOverflow,2022,44.0
218,,WebAssembly,0.0,StackOverflow,2021,39.0
219,,WebAssembly,0.0,StackOverflow,2020,27.0
220,,WebAssembly,1.14,StackOverflow,2019,27.0
221,,WebAssembly,0.0,StackOverflow,2018,40.0
222,,WebAssembly,0.0,StackOverflow,2017,36.0
223,,WebAssembly,0.0,StackOverflow,2016,40.0
224,,TypeScript,38.17,StackOverflow,2023,5.0
225,,TypeScript,33.78,StackOverflow,2022,5.0
226,,TypeScript,29.85,StackOverflow,2021,7.0
227,,TypeScript,22.62,StackOverflow,2020,9.0
228,,TypeScript,20.84,StackOverflow,2019,10.0
229,,TypeScript,13.78,StackOverflow,2018,13.0
230,,TypeScript,6.79,StackOverflow,2017,10.0
231,,TypeScript,13.78,StackOverflow,2016,13.0
232,,PHP,18.25,StackOverflow,2023,11.0
233,,PHP,20.24,StackOverflow,2022,10.0
234,,PHP,21.73,StackOverflow,2021,11.0
235,,PHP,23.28,StackOverflow,2020,8.0
236,,PHP,25.91,StackOverflow,2019,8.0
237,,PHP,24.35,StackOverflow,2018,9.0
238,,PHP,20.02,StackOverflow,2017,7.0
239,,PHP,24.35,StackOverflow,2016,9.0
240,,LISP,0.0,StackOverflow,2023,52.0
241,,LISP,1.27,StackOverflow,2022,35.0
242,,LISP,1.31,StackOverflow,2021,31.0
243,,LISP,0.0,StackOverflow,2020,27.0
244,,LISP,0.0,StackOverflow,2019,30.0
245,,LISP,0.0,StackOverflow,2018,40.0
246,,LISP,0.0,StackOverflow,2017,36.0
247,,LISP,0.0,StackOverflow,2016,40.0
248,,Visual Basic (.Net),4.0,StackOverflow,2023,22.0
249,,Visual Basic (.Net),0.0,StackOverflow,2022,44.0
250,,Visual Basic (.Net),0.0,StackOverflow,2021,39.0
251,,Visual Basic (.Net),0.0,StackOverflow,2020,27.0
252,,Visual Basic (.Net),0.0,StackOverflow,2019,30.0
253,,Visual Basic (.Net),0.0,StackOverflow,2018,40.0
254,,Visual Basic (.Net),0.0,StackOverflow,2017,36.0
255,,Visual Basic (.Net),0.0,StackOverflow,2016,40.0
256,,Crystal,0.44,StackOverflow,2023,47.0
257,,Crystal,0.46,StackOverflow,2022,43.0
258,,Crystal,0.56,StackOverflow,2021,37.0
259,,Crystal,0.0,StackOverflow,2020,27.0
260,,Crystal,0.0,StackOverflow,2019,30.0
261,,Crystal,0.0,StackOverflow,2018,40.0
262,,Crystal,0.0,StackOverflow,2017,36.0
263,,Crystal,0.0,StackOverflow,2016,40.0
264,,C++,22.02,StackOverflow,2023,9.0
265,,C++,21.87,StackOverflow,2022,9.0
266,,C++,24.04,StackOverflow,2021,10.0
267,,C++,21.26,StackOverflow,2020,10.0
268,,C++,23.09,StackOverflow,2019,9.0
269,,C++,20.1,StackOverflow,2018,11.0
270,,C++,15.87,StackOverflow,2017,8.0
271,,C++,20.1,StackOverflow,2016,11.0
272,,Bash/Shell,0.0,StackOverflow,2023,52.0
273,,Bash/Shell,28.19,StackOverflow,2022,7.0
274,,Bash/Shell,26.83,StackOverflow,2021,9.0
275,,Bash/Shell,0.0,StackOverflow,2020,27.0
276,,Bash/Shell,0.0,StackOverflow,2019,30.0
277,,Bash/Shell,31.53,StackOverflow,2018,6.0
278,,Bash/Shell,0.0,StackOverflow,2017,36.0
279,,Bash/Shell,31.53,StackOverflow,2016,6.0
280,,C,18.99,StackOverflow,2023,10.0
281,,C,18.69,StackOverflow,2022,11.0
282,,C,20.77,StackOverflow,2021,12.0
283,,C,19.37,StackOverflow,2020,11.0
284,,C,20.27,StackOverflow,2019,11.0
285,,C,18.25,StackOverflow,2018,12.0
286,,C,13.57,StackOverflow,2017,9.0
287,,C,18.25,StackOverflow,2016,12.0
288,,Haskell,2.05,StackOverflow,2023,32.0
289,,Haskell,2.15,StackOverflow,2022,30.0
290,,Haskell,2.1,StackOverflow,2021,27.0
291,,Haskell,1.9,StackOverflow,2020,25.0
292,,Haskell,0.0,StackOverflow,2019,30.0
293,,Haskell,1.98,StackOverflow,2018,31.0
294,,Haskell,1.26,StackOverflow,2017,25.0
295,,Haskell,1.98,StackOverflow,2016,31.0
296,,F#,0.95,StackOverflow,2023,39.0
297,,F#,1.0,StackOverflow,2022,36.0
298,,F#,0.96,StackOverflow,2021,34.0
299,,F#,0.0,StackOverflow,2020,27.0
300,,F#,1.09,StackOverflow,2019,28.0
301,,F#,1.13,StackOverflow,2018,33.0
302,,F#,0.89,StackOverflow,2017,26.0
303,,F#,1.13,StackOverflow,2016,33.0
304,,SAS,0.48,StackOverflow,2023,46.0
305,,SAS,0.59,StackOverflow,2022,41.0
306,,SAS,0.0,StackOverflow,2021,39.0
307,,SAS,0.0,StackOverflow,2020,27.0
308,,SAS,0.0,StackOverflow,2019,30.0
309,,SAS,0.0,StackOverflow,2018,40.0
310,,SAS,0.0,StackOverflow,2017,36.0
311,,SAS,0.0,StackOverflow,2016,40.0
312,,Java,30.0,StackOverflow,2023,7.0
313,,Java,32.27,StackOverflow,2022,6.0
314,,Java,34.95,StackOverflow,2021,5.0
315,,Java,35.8,StackOverflow,2020,5.0
316,,Java,40.41,StackOverflow,2019,5.0
317,,Java,35.93,StackOverflow,2018,5.0
318,,Java,28.26,StackOverflow,2017,4.0
319,,Java,35.93,StackOverflow,2016,5.0
320,,Nim,0.37,StackOverflow,2023,48.0
321,,Nim,0.0,StackOverflow,2022,44.0
322,,Nim,0.0,StackOverflow,2021,39.0
323,,Nim,0.0,StackOverflow,2020,27.0
324,,Nim,0.0,StackOverflow,2019,30.0
325,,Nim,0.0,StackOverflow,2018,40.0
326,,Nim,0.0,StackOverflow,2017,36.0
327,,Nim,0.0,StackOverflow,2016,40.0
328,,Lua,5.98,StackOverflow,2023,17.0
329,,Lua,3.91,StackOverflow,2022,23.0
330,,Lua,0.0,StackOverflow,2021,39.0
331,,Lua,0.0,StackOverflow,2020,27.0
332,,Lua,0.0,StackOverflow,2019,30.0
333,,Lua,2.76,StackOverflow,2018,28.0
334,,Lua,2.02,StackOverflow,2017,24.0
335,,Lua,2.76,StackOverflow,2016,28.0
336,,Elixir,2.27,StackOverflow,2023,30.0
337,,Elixir,2.09,StackOverflow,2022,31.0
338,,Elixir,1.72,StackOverflow,2021,30.0
339,,Elixir,0.0,StackOverflow,2020,27.0
340,,Elixir,1.42,StackOverflow,2019,25.0
341,,Elixir,0.0,StackOverflow,2018,40.0
342,,Elixir,0.74,StackOverflow,2017,29.0
343,,Elixir,0.0,StackOverflow,2016,40.0
344,,Cobol,0.65,StackOverflow,2023,45.0
345,,Cobol,0.0,StackOverflow,2022,44.0
346,,Cobol,0.0,StackOverflow,2021,39.0
347,,Cobol,0.0,StackOverflow,2020,27.0
348,,Cobol,0.0,StackOverflow,2019,30.0
349,,Cobol,0.6,StackOverflow,2018,36.0
350,,Cobol,0.0,StackOverflow,2017,36.0
351,,Cobol,0.6,StackOverflow,2016,36.0
352,,VBA,3.48,StackOverflow,2023,24.0
353,,VBA,4.35,StackOverflow,2022,21.0
354,,VBA,4.61,StackOverflow,2021,22.0
355,,VBA,5.43,StackOverflow,2020,17.0
356,,VBA,5.38,StackOverflow,2019,19.0
357,,VBA,3.85,StackOverflow,2018,22.0
358,,VBA,3.06,StackOverflow,2017,18.0
359,,VBA,3.85,StackOverflow,2016,22.0
360,,Python,48.39,StackOverflow,2023,3.0
361,,Python,46.62,StackOverflow,2022,4.0
362,,Python,47.69,StackOverflow,2021,3.0
363,,Python,39.23,StackOverflow,2020,4.0
364,,Python,41.0,StackOverflow,2019,4.0
365,,Python,30.71,StackOverflow,2018,7.0
366,,Python,22.77,StackOverflow,2017,6.0
367,,Python,30.71,StackOverflow,2016,7.0
368,,Solidity,1.31,StackOverflow,2023,35.0
369,,Solidity,1.41,StackOverflow,2022,34.0
370,,Solidity,0.0,StackOverflow,2021,39.0
371,,Solidity,0.0,StackOverflow,2020,27.0
372,,Solidity,0.0,StackOverflow,2019,30.0
373,,Solidity,0.0,StackOverflow,2018,40.0
374,,Solidity,0.0,StackOverflow,2017,36.0
375,,Solidity,0.0,StackOverflow,2016,40.0
376,,COBOL,0.0,StackOverflow,2023,52.0
377,,COBOL,0.63,StackOverflow,2022,40.0
378,,COBOL,0.52,StackOverflow,2021,38.0
379,,COBOL,0.0,StackOverflow,2020,27.0
380,,COBOL,0.0,StackOverflow,2019,30.0
381,,COBOL,0.0,StackOverflow,2018,40.0
382,,COBOL,0.0,StackOverflow,2017,36.0
383,,COBOL,0.0,StackOverflow,2016,40.0
384,,Kotlin,8.9,StackOverflow,2023,15.0
385,,Kotlin,8.88,StackOverflow,2022,15.0
386,,Kotlin,8.23,StackOverflow,2021,15.0
387,,Kotlin,6.93,StackOverflow,2020,14.0
388,,Kotlin,6.32,StackOverflow,2019,17.0
389,,Kotlin,3.55,StackOverflow,2018,23.0
390,,Kotlin,0.0,StackOverflow,2017,36.0
391,,Kotlin,3.55,StackOverflow,2016,23.0
392,,Julia,1.13,StackOverflow,2023,37.0
393,,Julia,1.48,StackOverflow,2022,32.0
394,,Julia,1.28,StackOverflow,2021,33.0
395,,Julia,0.81,StackOverflow,2020,26.0
396,,Julia,0.0,StackOverflow,2019,30.0
397,,Julia,0.43,StackOverflow,2018,38.0
398,,Julia,0.27,StackOverflow,2017,34.0
399,,Julia,0.43,StackOverflow,2016,38.0
400,,Scala,2.72,StackOverflow,2023,27.0
401,,Scala,2.51,StackOverflow,2022,27.0
402,,Scala,2.57,StackOverflow,2021,25.0
403,,Scala,3.18,StackOverflow,2020,23.0
404,,Scala,3.72,StackOverflow,2019,21.0
405,,Scala,3.46,StackOverflow,2018,24.0
406,,Scala,2.55,StackOverflow,2017,21.0
407,,Scala,3.46,StackOverflow,2016,24.0
408,,Rust,12.81,StackOverflow,2023,14.0
409,,Rust,9.04,StackOverflow,2022,14.0
410,,Rust,6.95,StackOverflow,2021,16.0
411,,Rust,4.54,StackOverflow,2020,20.0
412,,Rust,3.14,StackOverflow,2019,22.0
413,,Rust,1.88,StackOverflow,2018,32.0
414,,Rust,0.81,StackOverflow,2017,27.0
415,,Rust,1.88,StackOverflow,2016,32.0
416,,Perl,2.41,StackOverflow,2023,28.0
417,,Perl,2.24,StackOverflow,2022,29.0
418,,Perl,2.43,StackOverflow,2021,26.0
419,,Perl,2.79,StackOverflow,2020,24.0
420,,Perl,0.0,StackOverflow,2019,30.0
421,,Perl,3.32,StackOverflow,2018,26.0
422,,Perl,3.08,StackOverflow,2017,17.0
423,,Perl,3.32,StackOverflow,2016,26.0
424,,HTML,0.0,StackOverflow,2023,52.0
425,,HTML,0.0,StackOverflow,2022,44.0
426,,HTML,0.0,StackOverflow,2021,39.0
427,,HTML,0.0,StackOverflow,2020,27.0
428,,HTML,0.0,StackOverflow,2019,30.0
429,,HTML,54.25,StackOverflow,2018,2.0
430,,HTML,0.0,StackOverflow,2017,36.0
431,,HTML,54.25,StackOverflow,2016,2.0
432,,Bash/Shell (all shells),31.79,StackOverflow,2023,6.0
433,,Bash/Shell (all shells),0.0,StackOverflow,2022,44.0
434,,Bash/Shell (all shells),0.0,StackOverflow,2021,39.0
435,,Bash/Shell (all shells),0.0,StackOverflow,2020,27.0
436,,Bash/Shell (all shells),0.0,StackOverflow,2019,30.0
437,,Bash/Shell (all shells),0.0,StackOverflow,2018,40.0
438,,Bash/Shell (all shells),0.0,StackOverflow,2017,36.0
439,,Bash/Shell (all shells),0.0,StackOverflow,2016,40.0
440,,C#,27.13,StackOverflow,2023,8.0
441,,C#,27.14,StackOverflow,2022,8.0
442,,C#,27.55,StackOverflow,2021,8.0
443,,C#,27.99,StackOverflow,2020,7.0
444,,C#,30.49,StackOverflow,2019,7.0
445,,C#,27.27,StackOverflow,2018,8.0
446,,C#,24.28,StackOverflow,2017,5.0
447,,C#,27.27,StackOverflow,2016,8.0
448,,JavaScript,62.47,StackOverflow,2023,1.0
449,,JavaScript,63.39,StackOverflow,2022,1.0
450,,JavaScript,64.22,StackOverflow,2021,1.0
451,,JavaScript,60.22,StackOverflow,2020,1.0
452,,JavaScript,66.62,StackOverflow,2019,1.0
453,,JavaScript,55.32,StackOverflow,2018,1.0
454,,JavaScript,44.51,StackOverflow,2017,1.0
455,,JavaScript,55.32,StackOverflow,2016,1.0
456,,Dart,5.91,StackOverflow,2023,18.0
457,,Dart,6.34,StackOverflow,2022,16.0
458,,Dart,5.95,StackOverflow,2021,18.0
459,,Dart,3.54,StackOverflow,2020,22.0
460,,Dart,1.89,StackOverflow,2019,23.0
461,,Dart,0.0,StackOverflow,2018,40.0
462,,Dart,0.28,StackOverflow,2017,33.0
463,,Dart,0.0,StackOverflow,2016,40.0
464,,Bash/Shell/PowerShell,0.0,StackOverflow,2023,52.0
465,,Bash/Shell/PowerShell,0.0,StackOverflow,2022,44.0
466,,Bash/Shell/PowerShell,0.0,StackOverflow,2021,39.0
467,,Bash/Shell/PowerShell,29.44,StackOverflow,2020,6.0
468,,Bash/Shell/PowerShell,35.99,StackOverflow,2019,6.0
469,,Bash/Shell/PowerShell,0.0,StackOverflow,2018,40.0
470,,Bash/Shell/PowerShell,0.0,StackOverflow,2017,36.0
471,,Bash/Shell/PowerShell,0.0,StackOverflow,2016,40.0
472,,HTML/CSS,52.02,StackOverflow,2023,2.0
473,,HTML/CSS,53.42,StackOverflow,2022,2.0
474,,HTML/CSS,55.44,StackOverflow,2021,2.0
475,,HTML/CSS,56.13,StackOverflow,2020,2.0
476,,HTML/CSS,62.4,StackOverflow,2019,2.0
477,,HTML/CSS,0.0,StackOverflow,2018,40.0
478,,HTML/CSS,0.0,StackOverflow,2017,36.0
479,,HTML/CSS,0.0,StackOverflow,2016,40.0
480,,Swift,4.57,StackOverflow,2023,20.0
481,,Swift,4.76,StackOverflow,2022,19.0
482,,Swift,5.04,StackOverflow,2021,20.0
483,,Swift,5.27,StackOverflow,2020,18.0
484,,Swift,6.46,StackOverflow,2019,16.0
485,,Swift,6.38,StackOverflow,2018,15.0
486,,Swift,4.61,StackOverflow,2017,12.0
487,,Swift,6.38,StackOverflow,2016,15.0
488,,Fortran,0.93,StackOverflow,2023,40.0
489,,Fortran,0.88,StackOverflow,2022,37.0
490,,Fortran,0.0,StackOverflow,2021,39.0
491,,Fortran,0.0,StackOverflow,2020,27.0
492,,Fortran,0.0,StackOverflow,2019,30.0
493,,Fortran,0.0,StackOverflow,2018,40.0
494,,Fortran,0.0,StackOverflow,2017,36.0
495,,Fortran,0.0,StackOverflow,2016,40.0
496,,Erlang,0.97,StackOverflow,2023,38.0
497,,Erlang,0.87,StackOverflow,2022,38.0
498,,Erlang,0.78,StackOverflow,2021,35.0
499,,Erlang,0.0,StackOverflow,2020,27.0
500,,Erlang,0.87,StackOverflow,2019,29.0
501,,Erlang,0.9,StackOverflow,2018,35.0
502,,Erlang,0.55,StackOverflow,2017,31.0
503,,Erlang,0.9,StackOverflow,2016,35.0
504,,Node.js,0.0,StackOverflow,2023,52.0
505,,Node.js,0.0,StackOverflow,2022,44.0
506,,Node.js,33.53,StackOverflow,2021,6.0
507,,Node.js,0.0,StackOverflow,2020,27.0
508,,Node.js,0.0,StackOverflow,2019,30.0
509,,Node.js,0.0,StackOverflow,2018,40.0
510,,Node.js,0.0,StackOverflow,2017,36.0
511,,Node.js,0.0,StackOverflow,2016,40.0
512,,Raku,0.17,StackOverflow,2023,51.0
513,,Raku,0.0,StackOverflow,2022,44.0
514,,Raku,0.0,StackOverflow,2021,39.0
515,,Raku,0.0,StackOverflow,2020,27.0
516,,Raku,0.0,StackOverflow,2019,30.0
517,,Raku,0.0,StackOverflow,2018,40.0
518,,Raku,0.0,StackOverflow,2017,36.0
519,,Raku,0.0,StackOverflow,2016,40.0
520,,Groovy,3.34,StackOverflow,2023,25.0
521,,Groovy,3.22,StackOverflow,2022,24.0
522,,Groovy,2.97,StackOverflow,2021,23.0
523,,Groovy,0.0,StackOverflow,2020,27.0
524,,Groovy,0.0,StackOverflow,2019,30.0
525,,Groovy,3.41,StackOverflow,2018,25.0
526,,Groovy,2.32,StackOverflow,2017,22.0
527,,Groovy,3.41,StackOverflow,2016,25.0
528,,Flow,0.24,StackOverflow,2023,50.0
529,,Flow,0.0,StackOverflow,2022,44.0
530,,Flow,0.0,StackOverflow,2021,39.0
531,,Flow,0.0,StackOverflow,2020,27.0
532,,Flow,0.0,StackOverflow,2019,30.0
533,,Flow,0.0,StackOverflow,2018,40.0
534,,Flow,0.0,StackOverflow,2017,36.0
535,,Flow,0.0,StackOverflow,2016,40.0
536,,Common Lisp,0.0,StackOverflow,2023,52.0
537,,Common Lisp,0.0,StackOverflow,2022,44.0
538,,Common Lisp,0.0,StackOverflow,2021,39.0
539,,Common Lisp,0.0,StackOverflow,2020,27.0
540,,Common Lisp,0.0,StackOverflow,2019,30.0
541,,Common Lisp,0.0,StackOverflow,2018,40.0
542,,Common Lisp,0.53,StackOverflow,2017,32.0
543,,Common Lisp,0.0,StackOverflow,2016,40.0
544,,MATLAB,3.74,StackOverflow,2023,23.0
545,,MATLAB,3.98,StackOverflow,2022,22.0
546,,MATLAB,0.0,StackOverflow,2021,39.0
547,,MATLAB,0.0,StackOverflow,2020,27.0
548,,MATLAB,0.0,StackOverflow,2019,30.0
549,,MATLAB,0.0,StackOverflow,2018,40.0
550,,MATLAB,0.0,StackOverflow,2017,36.0
551,,MATLAB,0.0,StackOverflow,2016,40.0
552,,OCaml,0.69,StackOverflow,2023,44.0
553,,OCaml,0.58,StackOverflow,2022,42.0
554,,OCaml,0.0,StackOverflow,2021,39.0
555,,OCaml,0.0,StackOverflow,2020,27.0
556,,OCaml,0.0,StackOverflow,2019,30.0
557,,OCaml,0.0,StackOverflow,2018,40.0
558,,OCaml,0.0,StackOverflow,2017,36.0
559,,OCaml,0.0,StackOverflow,2016,40.0
0,,.NET,4.0,HackerNews,2024,23.0
1,,.NET,3.0,HackerNews,2023,32.0
2,,.NET,6.0,HackerNews,2022,39.0
3,,.NET,10.0,HackerNews,2021,41.0
4,,.NET,10.0,HackerNews,2020,32.0
5,,.NET,9.0,HackerNews,2019,38.0
6,,.NET,20.0,HackerNews,2018,30.0
7,,.NET,32.0,HackerNews,2017,26.0
8,,.NET,17.0,HackerNews,2016,24.0
9,,.NET,4.0,HackerNews,2015,35.0
10,,.NET,7.0,HackerNews,2014,20.0
11,,AI,75.0,HackerNews,2024,1.0
12,,AI,68.0,HackerNews,2023,6.0
13,,AI,74.0,HackerNews,2022,12.0
14,,AI,93.0,HackerNews,2021,11.0
15,,AI,59.0,HackerNews,2020,10.0
16,,AI,55.0,HackerNews,2019,18.0
17,,AI,59.0,HackerNews,2018,17.0
18,,AI,31.0,HackerNews,2017,27.0
19,,AI,8.0,HackerNews,2016,32.0
20,,AI,4.0,HackerNews,2015,35.0
21,,AI,1.0,HackerNews,2014,26.0
22,,AWS,46.0,HackerNews,2024,5.0
23,,AWS,75.0,HackerNews,2023,4.0
24,,AWS,162.0,HackerNews,2022,3.0
25,,AWS,187.0,HackerNews,2021,3.0
26,,AWS,122.0,HackerNews,2020,3.0
27,,AWS,139.0,HackerNews,2019,3.0
28,,AWS,152.0,HackerNews,2018,3.0
29,,AWS,130.0,HackerNews,2017,4.0
30,,AWS,81.0,HackerNews,2016,4.0
31,,AWS,47.0,HackerNews,2015,7.0
32,,AWS,19.0,HackerNews,2014,11.0
33,,Android,5.0,HackerNews,2024,22.0
34,,Android,25.0,HackerNews,2023,16.0
35,,Android,47.0,HackerNews,2022,19.0
36,,Android,55.0,HackerNews,2021,17.0
37,,Android,51.0,HackerNews,2020,13.0
38,,Android,71.0,HackerNews,2019,13.0
39,,Android,67.0,HackerNews,2018,15.0
40,,Android,92.0,HackerNews,2017,12.0
41,,Android,66.0,HackerNews,2016,7.0
42,,Android,47.0,HackerNews,2015,7.0
43,,Android,37.0,HackerNews,2014,3.0
44,,AngularJS,5.0,HackerNews,2024,22.0
45,,AngularJS,2.0,HackerNews,2023,33.0
46,,AngularJS,28.0,HackerNews,2022,26.0
47,,AngularJS,29.0,HackerNews,2021,25.0
48,,AngularJS,22.0,HackerNews,2020,23.0
49,,AngularJS,33.0,HackerNews,2019,25.0
50,,AngularJS,38.0,HackerNews,2018,22.0
51,,AngularJS,51.0,HackerNews,2017,20.0
52,,AngularJS,31.0,HackerNews,2016,19.0
53,,AngularJS,42.0,HackerNews,2015,9.0
54,,AngularJS,23.0,HackerNews,2014,8.0
55,,Ansible,4.0,HackerNews,2024,23.0
56,,Ansible,4.0,HackerNews,2023,31.0
57,,Ansible,11.0,HackerNews,2022,35.0
58,,Ansible,26.0,HackerNews,2021,28.0
59,,Ansible,18.0,HackerNews,2020,26.0
60,,Ansible,16.0,HackerNews,2019,32.0
61,,Ansible,22.0,HackerNews,2018,29.0
62,,Ansible,30.0,HackerNews,2017,28.0
63,,Ansible,15.0,HackerNews,2016,26.0
64,,Ansible,12.0,HackerNews,2015,27.0
65,,Ansible,3.0,HackerNews,2014,24.0
66,,Avalanche,2.0,HackerNews,2023,33.0
67,,BackboneJS,2.0,HackerNews,2024,25.0
68,,BackboneJS,1.0,HackerNews,2023,34.0
69,,BackboneJS,3.0,HackerNews,2022,42.0
70,,BackboneJS,5.0,HackerNews,2021,45.0
71,,BackboneJS,1.0,HackerNews,2020,41.0
72,,BackboneJS,2.0,HackerNews,2019,45.0
73,,BackboneJS,10.0,HackerNews,2018,38.0
74,,BackboneJS,17.0,HackerNews,2017,34.0
75,,BackboneJS,13.0,HackerNews,2016,27.0
76,,BackboneJS,22.0,HackerNews,2015,20.0
77,,BackboneJS,19.0,HackerNews,2014,11.0
78,,Bench,1.0,HackerNews,2023,34.0
79,,Bench,1.0,HackerNews,2022,44.0
80,,Bench,2.0,HackerNews,2021,48.0
81,,Bench,1.0,HackerNews,2020,41.0
82,,Blockchain,5.0,HackerNews,2024,22.0
83,,Blockchain,14.0,HackerNews,2023,21.0
84,,Blockchain,19.0,HackerNews,2022,30.0
85,,Blockchain,14.0,HackerNews,2021,38.0
86,,Blockchain,7.0,HackerNews,2020,35.0
87,,Blockchain,14.0,HackerNews,2019,34.0
88,,Blockchain,22.0,HackerNews,2018,29.0
89,,Blockchain,7.0,HackerNews,2017,43.0
90,,Blockchain,2.0,HackerNews,2016,38.0
91,,Blockchain,1.0,HackerNews,2015,38.0
92,,C/C++,1.0,HackerNews,2024,26.0
93,,C/C++,5.0,HackerNews,2023,30.0
94,,C/C++,4.0,HackerNews,2022,41.0
95,,C/C++,7.0,HackerNews,2021,44.0
96,,C/C++,6.0,HackerNews,2020,36.0
97,,C/C++,5.0,HackerNews,2019,42.0
98,,C/C++,6.0,HackerNews,2018,41.0
99,,C/C++,6.0,HackerNews,2017,44.0
100,,C/C++,2.0,HackerNews,2016,38.0
101,,C/C++,5.0,HackerNews,2015,34.0
102,,C/C++,1.0,HackerNews,2014,26.0
103,,Canvas,2.0,HackerNews,2024,25.0
104,,Canvas,2.0,HackerNews,2023,33.0
105,,Canvas,4.0,HackerNews,2022,41.0
106,,Canvas,2.0,HackerNews,2021,48.0
107,,Canvas,2.0,HackerNews,2020,40.0
108,,Canvas,2.0,HackerNews,2019,45.0
109,,Canvas,1.0,HackerNews,2018,45.0
110,,Canvas,2.0,HackerNews,2017,48.0
111,,Canvas,1.0,HackerNews,2016,39.0
112,,Clojure,1.0,HackerNews,2024,26.0
113,,Clojure,4.0,HackerNews,2023,31.0
114,,Clojure,10.0,HackerNews,2022,36.0
115,,Clojure,17.0,HackerNews,2021,36.0
116,,Clojure,9.0,HackerNews,2020,33.0
117,,Clojure,14.0,HackerNews,2019,34.0
118,,Clojure,17.0,HackerNews,2018,32.0
119,,Clojure,18.0,HackerNews,2017,33.0
120,,Clojure,16.0,HackerNews,2016,25.0
121,,Clojure,8.0,HackerNews,2015,31.0
122,,Clojure,6.0,HackerNews,2014,21.0
123,,Compass,1.0,HackerNews,2023,34.0
124,,Compass,1.0,HackerNews,2022,44.0
125,,Compass,3.0,HackerNews,2021,47.0
126,,Compass,1.0,HackerNews,2020,41.0
127,,Compass,2.0,HackerNews,2019,45.0
128,,Compass,2.0,HackerNews,2018,44.0
129,,Compass,1.0,HackerNews,2016,39.0
130,,Compass,3.0,HackerNews,2014,24.0
131,,Computational Biology,1.0,HackerNews,2024,26.0
132,,Computational Biology,2.0,HackerNews,2023,33.0
133,,Computational Biology,2.0,HackerNews,2022,43.0
134,,Computational Biology,1.0,HackerNews,2020,41.0
135,,Computational Biology,2.0,HackerNews,2018,44.0
136,,Computational Biology,2.0,HackerNews,2017,48.0
137,,Computational Biology,2.0,HackerNews,2016,38.0
138,,Computational Biology,1.0,HackerNews,2015,38.0
139,,Computer Science,8.0,HackerNews,2024,19.0
140,,Computer Science,5.0,HackerNews,2023,30.0
141,,Computer Science,6.0,HackerNews,2022,39.0
142,,Computer Science,10.0,HackerNews,2021,41.0
143,,Computer Science,9.0,HackerNews,2020,33.0
144,,Computer Science,12.0,HackerNews,2019,36.0
145,,Computer Science,14.0,HackerNews,2018,35.0
146,,Computer Science,21.0,HackerNews,2017,31.0
147,,Computer Science,15.0,HackerNews,2016,26.0
148,,Computer Science,14.0,HackerNews,2015,25.0
149,,Computer Science,9.0,HackerNews,2014,18.0
150,,Computer Vision,9.0,HackerNews,2024,18.0
151,,Computer Vision,8.0,HackerNews,2023,27.0
152,,Computer Vision,10.0,HackerNews,2022,36.0
153,,Computer Vision,18.0,HackerNews,2021,35.0
154,,Computer Vision,11.0,HackerNews,2020,31.0
155,,Computer Vision,11.0,HackerNews,2019,37.0
156,,Computer Vision,13.0,HackerNews,2018,36.0
157,,Computer Vision,18.0,HackerNews,2017,33.0
158,,Computer Vision,9.0,HackerNews,2016,31.0
159,,Computer Vision,4.0,HackerNews,2015,35.0
160,,Computer Vision,3.0,HackerNews,2014,24.0
161,,Cordova,1.0,HackerNews,2021,49.0
162,,Cordova,1.0,HackerNews,2020,41.0
163,,Cordova,4.0,HackerNews,2017,46.0
164,,Cordova,3.0,HackerNews,2016,37.0
165,,Cordova,2.0,HackerNews,2015,37.0
166,,Cordova,1.0,HackerNews,2014,26.0
167,,CouchDB,1.0,HackerNews,2021,49.0
168,,CouchDB,1.0,HackerNews,2020,41.0
169,,CouchDB,2.0,HackerNews,2019,45.0
170,,CouchDB,1.0,HackerNews,2017,49.0
171,,CouchDB,1.0,HackerNews,2016,39.0
172,,CouchDB,2.0,HackerNews,2015,37.0
173,,Cryptography,2.0,HackerNews,2024,25.0
174,,Cryptography,5.0,HackerNews,2023,30.0
175,,Cryptography,6.0,HackerNews,2022,39.0
176,,Cryptography,4.0,HackerNews,2021,46.0
177,,Cryptography,4.0,HackerNews,2020,38.0
178,,Cryptography,8.0,HackerNews,2019,39.0
179,,Cryptography,7.0,HackerNews,2018,40.0
180,,Cryptography,2.0,HackerNews,2017,48.0
181,,Cryptography,3.0,HackerNews,2016,37.0
182,,Cryptography,1.0,HackerNews,2015,38.0
183,,Cryptography,2.0,HackerNews,2014,25.0
184,,Cypress,2.0,HackerNews,2024,25.0
185,,Cypress,2.0,HackerNews,2023,33.0
186,,Cypress,4.0,HackerNews,2022,41.0
187,,Cypress,4.0,HackerNews,2021,46.0
188,,Cypress,2.0,HackerNews,2020,40.0
189,,Cypress,5.0,HackerNews,2019,42.0
190,,DLang,1.0,HackerNews,2022,44.0
191,,DLang,1.0,HackerNews,2021,49.0
192,,Dart,1.0,HackerNews,2022,44.0
193,,Dart,1.0,HackerNews,2021,49.0
194,,Dart,1.0,HackerNews,2020,41.0
195,,Dart,1.0,HackerNews,2019,46.0
196,,Dart,1.0,HackerNews,2017,49.0
197,,Dart,1.0,HackerNews,2015,38.0
198,,Data Engineering,4.0,HackerNews,2024,23.0
199,,Data Engineering,6.0,HackerNews,2023,29.0
200,,Data Engineering,12.0,HackerNews,2022,34.0
201,,Data Engineering,16.0,HackerNews,2021,37.0
202,,Data Engineering,8.0,HackerNews,2020,34.0
203,,Data Engineering,11.0,HackerNews,2019,37.0
204,,Data Engineering,7.0,HackerNews,2018,40.0
205,,Data Engineering,11.0,HackerNews,2017,40.0
206,,Data Engineering,4.0,HackerNews,2016,36.0
207,,Data Engineering,4.0,HackerNews,2015,35.0
208,,Data Science,26.0,HackerNews,2024,7.0
209,,Data Science,30.0,HackerNews,2023,12.0
210,,Data Science,70.0,HackerNews,2022,13.0
211,,Data Science,94.0,HackerNews,2021,10.0
212,,Data Science,49.0,HackerNews,2020,15.0
213,,Data Science,94.0,HackerNews,2019,9.0
214,,Data Science,115.0,HackerNews,2018,6.0
215,,Data Science,104.0,HackerNews,2017,8.0
216,,Data Science,82.0,HackerNews,2016,3.0
217,,Data Science,37.0,HackerNews,2015,11.0
218,,Data Science,24.0,HackerNews,2014,7.0
219,,Data Visualization,2.0,HackerNews,2024,25.0
220,,Data Visualization,2.0,HackerNews,2023,33.0
221,,Data Visualization,3.0,HackerNews,2022,42.0
222,,Data Visualization,5.0,HackerNews,2021,45.0
223,,Data Visualization,7.0,HackerNews,2020,35.0
224,,Data Visualization,2.0,HackerNews,2019,45.0
225,,Data Visualization,6.0,HackerNews,2018,41.0
226,,Data Visualization,5.0,HackerNews,2017,45.0
227,,Data Visualization,2.0,HackerNews,2016,38.0
228,,Data Visualization,7.0,HackerNews,2015,32.0
229,,Data Visualization,7.0,HackerNews,2014,20.0
230,,Delphi,1.0,HackerNews,2021,49.0
231,,Delphi,1.0,HackerNews,2019,46.0
232,,DevOps,25.0,HackerNews,2024,8.0
233,,DevOps,46.0,HackerNews,2023,8.0
234,,DevOps,92.0,HackerNews,2022,9.0
235,,DevOps,115.0,HackerNews,2021,7.0
236,,DevOps,63.0,HackerNews,2020,8.0
237,,DevOps,95.0,HackerNews,2019,8.0
238,,DevOps,80.0,HackerNews,2018,12.0
239,,DevOps,112.0,HackerNews,2017,6.0
240,,DevOps,55.0,HackerNews,2016,11.0
241,,DevOps,34.0,HackerNews,2015,13.0
242,,DevOps,18.0,HackerNews,2014,12.0
243,,Django,15.0,HackerNews,2024,14.0
244,,Django,28.0,HackerNews,2023,13.0
245,,Django,50.0,HackerNews,2022,17.0
246,,Django,49.0,HackerNews,2021,19.0
247,,Django,24.0,HackerNews,2020,21.0
248,,Django,51.0,HackerNews,2019,19.0
249,,Django,52.0,HackerNews,2018,19.0
250,,Django,44.0,HackerNews,2017,23.0
251,,Django,34.0,HackerNews,2016,18.0
252,,Django,25.0,HackerNews,2015,18.0
253,,Django,22.0,HackerNews,2014,9.0
254,,Docker,15.0,HackerNews,2024,14.0
255,,Docker,33.0,HackerNews,2023,11.0
256,,Docker,46.0,HackerNews,2022,20.0
257,,Docker,79.0,HackerNews,2021,13.0
258,,Docker,60.0,HackerNews,2020,9.0
259,,Docker,92.0,HackerNews,2019,10.0
260,,Docker,75.0,HackerNews,2018,14.0
261,,Docker,87.0,HackerNews,2017,13.0
262,,Docker,38.0,HackerNews,2016,17.0
263,,Docker,20.0,HackerNews,2015,21.0
264,,Docker,2.0,HackerNews,2014,25.0
265,,ERLang,1.0,HackerNews,2022,44.0
266,,ERLang,2.0,HackerNews,2021,48.0
267,,ERLang,1.0,HackerNews,2020,41.0
268,,ERLang,5.0,HackerNews,2019,42.0
269,,ERLang,6.0,HackerNews,2018,41.0
270,,ERLang,4.0,HackerNews,2017,46.0
271,,ERLang,5.0,HackerNews,2016,35.0
272,,ERLang,1.0,HackerNews,2015,38.0
273,,ERLang,1.0,HackerNews,2014,26.0
274,,Ember,1.0,HackerNews,2024,26.0
275,,Ember,3.0,HackerNews,2022,42.0
276,,Ember,8.0,HackerNews,2021,43.0
277,,Ember,3.0,HackerNews,2020,39.0
278,,Ember,9.0,HackerNews,2019,38.0
279,,Ember,14.0,HackerNews,2018,35.0
280,,Ember,20.0,HackerNews,2017,32.0
281,,Ember,11.0,HackerNews,2016,29.0
282,,Ember,13.0,HackerNews,2015,26.0
283,,Ember,6.0,HackerNews,2014,21.0
284,,Ethereum,1.0,HackerNews,2024,26.0
285,,Ethereum,3.0,HackerNews,2023,32.0
286,,Ethereum,5.0,HackerNews,2022,40.0
287,,Ethereum,7.0,HackerNews,2021,44.0
288,,Ethereum,6.0,HackerNews,2020,36.0
289,,Ethereum,3.0,HackerNews,2019,44.0
290,,Ethereum,5.0,HackerNews,2018,42.0
291,,Ethereum,4.0,HackerNews,2017,46.0
292,,Fintech,4.0,HackerNews,2024,23.0
293,,Fintech,6.0,HackerNews,2023,29.0
294,,Fintech,32.0,HackerNews,2022,24.0
295,,Fintech,32.0,HackerNews,2021,24.0
296,,Fintech,11.0,HackerNews,2020,31.0
297,,Fintech,17.0,HackerNews,2019,31.0
298,,Fintech,17.0,HackerNews,2018,32.0
299,,Fintech,20.0,HackerNews,2017,32.0
300,,Fintech,5.0,HackerNews,2016,35.0
301,,Fintech,6.0,HackerNews,2015,33.0
302,,Flask,4.0,HackerNews,2024,23.0
303,,Flask,9.0,HackerNews,2023,26.0
304,,Flask,9.0,HackerNews,2022,37.0
305,,Flask,17.0,HackerNews,2021,36.0
306,,Flask,12.0,HackerNews,2020,30.0
307,,Flask,16.0,HackerNews,2019,32.0
308,,Flask,17.0,HackerNews,2018,32.0
309,,Flask,17.0,HackerNews,2017,34.0
310,,Flask,7.0,HackerNews,2016,33.0
311,,Flask,7.0,HackerNews,2015,32.0
312,,Flask,5.0,HackerNews,2014,22.0
313,,Flexport,1.0,HackerNews,2023,34.0
314,,Flexport,3.0,HackerNews,2022,42.0
315,,Flexport,1.0,HackerNews,2021,49.0
316,,Flexport,1.0,HackerNews,2020,41.0
317,,Flexport,1.0,HackerNews,2017,49.0
318,,Flexport,1.0,HackerNews,2016,39.0
319,,Flexport,1.0,HackerNews,2015,38.0
320,,Fortran,1.0,HackerNews,2024,26.0
321,,Fortran,2.0,HackerNews,2023,33.0
322,,Fortran,1.0,HackerNews,2019,46.0
323,,Fortran,1.0,HackerNews,2016,39.0
324,,Git,7.0,HackerNews,2024,20.0
325,,Git,8.0,HackerNews,2023,27.0
326,,Git,13.0,HackerNews,2022,33.0
327,,Git,16.0,HackerNews,2021,37.0
328,,Git,2.0,HackerNews,2020,40.0
329,,Git,17.0,HackerNews,2019,31.0
330,,Git,22.0,HackerNews,2018,29.0
331,,Git,30.0,HackerNews,2017,28.0
332,,Git,16.0,HackerNews,2016,25.0
333,,Git,18.0,HackerNews,2015,22.0
334,,Git,8.0,HackerNews,2014,19.0
335,,GitHub,25.0,HackerNews,2024,8.0
336,,GitHub,24.0,HackerNews,2023,17.0
337,,GitHub,52.0,HackerNews,2022,16.0
338,,GitHub,53.0,HackerNews,2021,18.0
339,,GitHub,26.0,HackerNews,2020,20.0
340,,GitHub,35.0,HackerNews,2019,24.0
341,,GitHub,53.0,HackerNews,2018,18.0
342,,GitHub,56.0,HackerNews,2017,18.0
343,,GitHub,43.0,HackerNews,2016,16.0
344,,GitHub,43.0,HackerNews,2015,8.0
345,,GitHub,27.0,HackerNews,2014,6.0
346,,GoLang,23.0,HackerNews,2024,10.0
347,,GoLang,46.0,HackerNews,2023,8.0
348,,GoLang,104.0,HackerNews,2022,7.0
349,,GoLang,101.0,HackerNews,2021,9.0
350,,GoLang,55.0,HackerNews,2020,12.0
351,,GoLang,89.0,HackerNews,2019,11.0
352,,GoLang,77.0,HackerNews,2018,13.0
353,,GoLang,82.0,HackerNews,2017,14.0
354,,GoLang,51.0,HackerNews,2016,13.0
355,,GoLang,27.0,HackerNews,2015,16.0
356,,GoLang,6.0,HackerNews,2014,21.0
357,,GraphQL,12.0,HackerNews,2024,15.0
358,,GraphQL,17.0,HackerNews,2023,19.0
359,,GraphQL,55.0,HackerNews,2022,15.0
360,,GraphQL,59.0,HackerNews,2021,16.0
361,,GraphQL,35.0,HackerNews,2020,17.0
362,,GraphQL,39.0,HackerNews,2019,22.0
363,,GraphQL,22.0,HackerNews,2018,29.0
364,,GraphQL,5.0,HackerNews,2017,45.0
365,,GraphQL,2.0,HackerNews,2016,38.0
366,,Groovy,1.0,HackerNews,2024,26.0
367,,Groovy,3.0,HackerNews,2022,42.0
368,,Groovy,1.0,HackerNews,2021,49.0
369,,Groovy,1.0,HackerNews,2020,41.0
370,,Groovy,1.0,HackerNews,2019,46.0
371,,Groovy,1.0,HackerNews,2018,45.0
372,,Groovy,2.0,HackerNews,2017,48.0
373,,Groovy,2.0,HackerNews,2016,38.0
374,,Groovy,1.0,HackerNews,2015,38.0
375,,HBase,2.0,HackerNews,2022,43.0
376,,HBase,1.0,HackerNews,2020,41.0
377,,HBase,4.0,HackerNews,2019,43.0
378,,HBase,1.0,HackerNews,2018,45.0
379,,HBase,3.0,HackerNews,2017,47.0
380,,HBase,2.0,HackerNews,2016,38.0
381,,HBase,3.0,HackerNews,2015,36.0
382,,HBase,3.0,HackerNews,2014,24.0
383,,HTML/CSS,2.0,HackerNews,2022,43.0
384,,HTML/CSS,8.0,HackerNews,2021,43.0
385,,HTML/CSS,2.0,HackerNews,2020,40.0
386,,HTML/CSS,5.0,HackerNews,2019,42.0
387,,HTML/CSS,10.0,HackerNews,2018,38.0
388,,HTML/CSS,4.0,HackerNews,2017,46.0
389,,HTML/CSS,4.0,HackerNews,2016,36.0
390,,HTML/CSS,9.0,HackerNews,2015,30.0
391,,HTML/CSS,9.0,HackerNews,2014,18.0
392,,Hadoop,3.0,HackerNews,2022,42.0
393,,Hadoop,5.0,HackerNews,2021,45.0
394,,Hadoop,3.0,HackerNews,2020,39.0
395,,Hadoop,11.0,HackerNews,2019,37.0
396,,Hadoop,14.0,HackerNews,2018,35.0
397,,Hadoop,24.0,HackerNews,2017,30.0
398,,Hadoop,12.0,HackerNews,2016,28.0
399,,Hadoop,16.0,HackerNews,2015,23.0
400,,Hadoop,7.0,HackerNews,2014,20.0
401,,Haskell,1.0,HackerNews,2024,26.0
402,,Haskell,3.0,HackerNews,2023,32.0
403,,Haskell,14.0,HackerNews,2022,32.0
404,,Haskell,10.0,HackerNews,2021,41.0
405,,Haskell,7.0,HackerNews,2020,35.0
406,,Haskell,6.0,HackerNews,2019,41.0
407,,Haskell,12.0,HackerNews,2018,37.0
408,,Haskell,11.0,HackerNews,2017,40.0
409,,Haskell,10.0,HackerNews,2016,30.0
410,,Haskell,3.0,HackerNews,2015,36.0
411,,Haskell,2.0,HackerNews,2014,25.0
412,,Heroku,2.0,HackerNews,2024,25.0
413,,Heroku,5.0,HackerNews,2023,30.0
414,,Heroku,14.0,HackerNews,2022,32.0
415,,Heroku,10.0,HackerNews,2021,41.0
416,,Heroku,13.0,HackerNews,2020,29.0
417,,Heroku,7.0,HackerNews,2019,40.0
418,,Heroku,16.0,HackerNews,2018,33.0
419,,Heroku,16.0,HackerNews,2017,35.0
420,,Heroku,8.0,HackerNews,2016,32.0
421,,Heroku,7.0,HackerNews,2015,32.0
422,,Heroku,2.0,HackerNews,2014,25.0
423,,Hive,3.0,HackerNews,2022,42.0
424,,Hive,1.0,HackerNews,2021,49.0
425,,Hive,1.0,HackerNews,2020,41.0
426,,Hive,3.0,HackerNews,2019,44.0
427,,Hive,4.0,HackerNews,2018,43.0
428,,Hive,3.0,HackerNews,2017,47.0
429,,Hive,4.0,HackerNews,2016,36.0
430,,Hive,2.0,HackerNews,2015,37.0
431,,Hive,1.0,HackerNews,2014,26.0
432,,InfluxDB,2.0,HackerNews,2022,43.0
433,,InfluxDB,3.0,HackerNews,2021,47.0
434,,InfluxDB,2.0,HackerNews,2020,40.0
435,,InfluxDB,4.0,HackerNews,2019,43.0
436,,InfluxDB,2.0,HackerNews,2018,44.0
437,,InfluxDB,3.0,HackerNews,2017,47.0
438,,Ionic,4.0,HackerNews,2021,46.0
439,,Ionic,4.0,HackerNews,2020,38.0
440,,Ionic,1.0,HackerNews,2018,45.0
441,,Ionic,3.0,HackerNews,2017,47.0
442,,Ionic,2.0,HackerNews,2016,38.0
443,,Ionic,1.0,HackerNews,2014,26.0
444,,Java,17.0,HackerNews,2024,13.0
445,,Java,30.0,HackerNews,2023,12.0
446,,Java,48.0,HackerNews,2022,18.0
447,,Java,64.0,HackerNews,2021,15.0
448,,Java,44.0,HackerNews,2020,16.0
449,,Java,60.0,HackerNews,2019,17.0
450,,Java,82.0,HackerNews,2018,11.0
451,,Java,99.0,HackerNews,2017,10.0
452,,Java,47.0,HackerNews,2016,15.0
453,,Java,26.0,HackerNews,2015,17.0
454,,Java,13.0,HackerNews,2014,15.0
455,,JavaScript,26.0,HackerNews,2024,7.0
456,,JavaScript,27.0,HackerNews,2023,14.0
457,,JavaScript,84.0,HackerNews,2022,10.0
458,,JavaScript,115.0,HackerNews,2021,7.0
459,,JavaScript,77.0,HackerNews,2020,7.0
460,,JavaScript,102.0,HackerNews,2019,6.0
461,,JavaScript,151.0,HackerNews,2018,4.0
462,,JavaScript,170.0,HackerNews,2017,2.0
463,,JavaScript,106.0,HackerNews,2016,2.0
464,,JavaScript,87.0,HackerNews,2015,2.0
465,,JavaScript,59.0,HackerNews,2014,2.0
466,,Julia,3.0,HackerNews,2023,32.0
467,,Julia,7.0,HackerNews,2022,38.0
468,,Julia,4.0,HackerNews,2021,46.0
469,,Julia,3.0,HackerNews,2020,39.0
470,,Julia,4.0,HackerNews,2019,43.0
471,,Julia,2.0,HackerNews,2018,44.0
472,,Julia,3.0,HackerNews,2017,47.0
473,,Julia,3.0,HackerNews,2016,37.0
474,,Julia,1.0,HackerNews,2015,38.0
475,,Julia,1.0,HackerNews,2014,26.0
476,,Kafka,2.0,HackerNews,2024,25.0
477,,Kafka,10.0,HackerNews,2023,25.0
478,,Kafka,27.0,HackerNews,2022,27.0
479,,Kafka,21.0,HackerNews,2021,32.0
480,,Kafka,16.0,HackerNews,2020,27.0
481,,Kafka,28.0,HackerNews,2019,26.0
482,,Kafka,23.0,HackerNews,2018,28.0
483,,Kafka,28.0,HackerNews,2017,29.0
484,,Kafka,13.0,HackerNews,2016,27.0
485,,Kafka,6.0,HackerNews,2015,33.0
486,,Kafka,2.0,HackerNews,2014,25.0
487,,KnockoutJS,1.0,HackerNews,2022,44.0
488,,KnockoutJS,1.0,HackerNews,2021,49.0
489,,KnockoutJS,1.0,HackerNews,2020,41.0
490,,KnockoutJS,2.0,HackerNews,2019,45.0
491,,KnockoutJS,2.0,HackerNews,2018,44.0
492,,KnockoutJS,1.0,HackerNews,2017,49.0
493,,KnockoutJS,2.0,HackerNews,2015,37.0
494,,KnockoutJS,3.0,HackerNews,2014,24.0
495,,Kotlin,7.0,HackerNews,2024,20.0
496,,Kotlin,14.0,HackerNews,2023,21.0
497,,Kotlin,38.0,HackerNews,2022,22.0
498,,Kotlin,35.0,HackerNews,2021,23.0
499,,Kotlin,18.0,HackerNews,2020,26.0
500,,Kotlin,17.0,HackerNews,2019,31.0
501,,Kotlin,13.0,HackerNews,2018,36.0
502,,Kotlin,4.0,HackerNews,2017,46.0
503,,Kotlin,2.0,HackerNews,2016,38.0
504,,Kotlin,1.0,HackerNews,2014,26.0
505,,Kubernetes,15.0,HackerNews,2024,14.0
506,,Kubernetes,45.0,HackerNews,2023,9.0
507,,Kubernetes,81.0,HackerNews,2022,11.0
508,,Kubernetes,77.0,HackerNews,2021,14.0
509,,Kubernetes,58.0,HackerNews,2020,11.0
510,,Kubernetes,80.0,HackerNews,2019,12.0
511,,Kubernetes,36.0,HackerNews,2018,23.0
512,,Kubernetes,38.0,HackerNews,2017,25.0
513,,Kubernetes,5.0,HackerNews,2016,35.0
514,,LLAMA,2.0,HackerNews,2024,25.0
515,,LLM,22.0,HackerNews,2024,11.0
516,,LLM,3.0,HackerNews,2023,32.0
517,,Lambda,2.0,HackerNews,2024,25.0
518,,Lambda,5.0,HackerNews,2023,30.0
519,,Lambda,16.0,HackerNews,2022,31.0
520,,Lambda,23.0,HackerNews,2021,30.0
521,,Lambda,11.0,HackerNews,2020,31.0
522,,Lambda,19.0,HackerNews,2019,30.0
523,,Lambda,15.0,HackerNews,2018,34.0
524,,Lambda,5.0,HackerNews,2017,45.0
525,,Lambda,1.0,HackerNews,2016,39.0
526,,Laravel,2.0,HackerNews,2024,25.0
527,,Laravel,4.0,HackerNews,2023,31.0
528,,Laravel,7.0,HackerNews,2022,38.0
529,,Laravel,11.0,HackerNews,2021,40.0
530,,Laravel,5.0,HackerNews,2020,37.0
531,,Laravel,3.0,HackerNews,2019,44.0
532,,Laravel,12.0,HackerNews,2018,37.0
533,,Laravel,5.0,HackerNews,2017,45.0
534,,Laravel,2.0,HackerNews,2016,38.0
535,,Laravel,1.0,HackerNews,2015,38.0
536,,Linux,17.0,HackerNews,2024,13.0
537,,Linux,26.0,HackerNews,2023,15.0
538,,Linux,39.0,HackerNews,2022,21.0
539,,Linux,44.0,HackerNews,2021,20.0
540,,Linux,23.0,HackerNews,2020,22.0
541,,Linux,38.0,HackerNews,2019,23.0
542,,Linux,45.0,HackerNews,2018,20.0
543,,Linux,65.0,HackerNews,2017,17.0
544,,Linux,30.0,HackerNews,2016,20.0
545,,Linux,35.0,HackerNews,2015,12.0
546,,Linux,18.0,HackerNews,2014,12.0
547,,Lisp,1.0,HackerNews,2024,26.0
548,,Lisp,2.0,HackerNews,2022,43.0
549,,Lisp,1.0,HackerNews,2021,49.0
550,,Lisp,1.0,HackerNews,2020,41.0
551,,Lisp,3.0,HackerNews,2019,44.0
552,,Lisp,2.0,HackerNews,2018,44.0
553,,Lisp,3.0,HackerNews,2017,47.0
554,,Lisp,1.0,HackerNews,2014,26.0
555,,MLOps,3.0,HackerNews,2024,24.0
556,,MLOps,1.0,HackerNews,2023,34.0
557,,MLOps,3.0,HackerNews,2022,42.0
558,,MLOps,2.0,HackerNews,2021,48.0
559,,MLOps,1.0,HackerNews,2020,41.0
560,,Machine Learning,51.0,HackerNews,2024,4.0
561,,Machine Learning,73.0,HackerNews,2023,5.0
562,,Machine Learning,106.0,HackerNews,2022,6.0
563,,Machine Learning,120.0,HackerNews,2021,6.0
564,,Machine Learning,84.0,HackerNews,2020,5.0
565,,Machine Learning,117.0,HackerNews,2019,4.0
566,,Machine Learning,120.0,HackerNews,2018,5.0
567,,Machine Learning,103.0,HackerNews,2017,9.0
568,,Machine Learning,62.0,HackerNews,2016,9.0
569,,Machine Learning,38.0,HackerNews,2015,10.0
570,,Machine Learning,18.0,HackerNews,2014,12.0
571,,Marionette,1.0,HackerNews,2021,49.0
572,,Marionette,1.0,HackerNews,2017,49.0
573,,Marionette,1.0,HackerNews,2016,39.0
574,,Marionette,2.0,HackerNews,2015,37.0
575,,Marionette,1.0,HackerNews,2014,26.0
576,,Meteor,1.0,HackerNews,2024,26.0
577,,Meteor,1.0,HackerNews,2023,34.0
578,,Meteor,1.0,HackerNews,2022,44.0
579,,Meteor,2.0,HackerNews,2021,48.0
580,,Meteor,1.0,HackerNews,2020,41.0
581,,Meteor,1.0,HackerNews,2019,46.0
582,,Meteor,2.0,HackerNews,2018,44.0
583,,Meteor,3.0,HackerNews,2017,47.0
584,,Meteor,5.0,HackerNews,2016,35.0
585,,Meteor,2.0,HackerNews,2015,37.0
586,,Meteor,1.0,HackerNews,2014,26.0
587,,Microservices,5.0,HackerNews,2023,30.0
588,,Microservices,14.0,HackerNews,2022,32.0
589,,Microservices,19.0,HackerNews,2021,34.0
590,,Microservices,13.0,HackerNews,2020,29.0
591,,Microservices,16.0,HackerNews,2019,32.0
592,,Microservices,23.0,HackerNews,2018,28.0
593,,Microservices,30.0,HackerNews,2017,28.0
594,,Microservices,8.0,HackerNews,2016,32.0
595,,Microservices,4.0,HackerNews,2015,35.0
596,,MongoDB,2.0,HackerNews,2023,33.0
597,,MongoDB,4.0,HackerNews,2022,41.0
598,,MongoDB,3.0,HackerNews,2021,47.0
599,,MongoDB,4.0,HackerNews,2020,38.0
600,,MongoDB,4.0,HackerNews,2019,43.0
601,,MongoDB,6.0,HackerNews,2018,41.0
602,,MongoDB,8.0,HackerNews,2017,42.0
603,,MongoDB,5.0,HackerNews,2016,35.0
604,,MongoDB,7.0,HackerNews,2015,32.0
605,,MongoDB,2.0,HackerNews,2014,25.0
606,,MySQL,6.0,HackerNews,2024,21.0
607,,MySQL,7.0,HackerNews,2023,28.0
608,,MySQL,27.0,HackerNews,2022,27.0
609,,MySQL,37.0,HackerNews,2021,21.0
610,,MySQL,20.0,HackerNews,2020,24.0
611,,MySQL,27.0,HackerNews,2019,27.0
612,,MySQL,42.0,HackerNews,2018,21.0
613,,MySQL,50.0,HackerNews,2017,21.0
614,,MySQL,31.0,HackerNews,2016,19.0
615,,MySQL,34.0,HackerNews,2015,13.0
616,,MySQL,23.0,HackerNews,2014,8.0
617,,NLP,4.0,HackerNews,2024,23.0
618,,NLP,10.0,HackerNews,2023,25.0
619,,NLP,12.0,HackerNews,2022,34.0
620,,NLP,19.0,HackerNews,2021,34.0
621,,NLP,11.0,HackerNews,2020,31.0
622,,NLP,21.0,HackerNews,2019,29.0
623,,NLP,19.0,HackerNews,2018,31.0
624,,NLP,20.0,HackerNews,2017,32.0
625,,NLP,9.0,HackerNews,2016,31.0
626,,NLP,10.0,HackerNews,2015,29.0
627,,NLP,5.0,HackerNews,2014,22.0
628,,Nest.js,2.0,HackerNews,2022,43.0
629,,Nest.js,2.0,HackerNews,2021,48.0
630,,Next.js,6.0,HackerNews,2024,21.0
631,,Next.js,11.0,HackerNews,2023,24.0
632,,Next.js,13.0,HackerNews,2022,33.0
633,,Next.js,10.0,HackerNews,2021,41.0
634,,Next.js,1.0,HackerNews,2020,41.0
635,,Next.js,1.0,HackerNews,2019,46.0
636,,NodeJS,24.0,HackerNews,2024,9.0
637,,NodeJS,39.0,HackerNews,2023,10.0
638,,NodeJS,99.0,HackerNews,2022,8.0
639,,NodeJS,104.0,HackerNews,2021,8.0
640,,NodeJS,78.0,HackerNews,2020,6.0
641,,NodeJS,97.0,HackerNews,2019,7.0
642,,NodeJS,112.0,HackerNews,2018,8.0
643,,NodeJS,125.0,HackerNews,2017,5.0
644,,NodeJS,59.0,HackerNews,2016,10.0
645,,NodeJS,48.0,HackerNews,2015,6.0
646,,NodeJS,22.0,HackerNews,2014,9.0
647,,Objective-C,2.0,HackerNews,2024,25.0
648,,Objective-C,2.0,HackerNews,2023,33.0
649,,Objective-C,2.0,HackerNews,2022,43.0
650,,Objective-C,10.0,HackerNews,2021,41.0
651,,Objective-C,4.0,HackerNews,2020,38.0
652,,Objective-C,3.0,HackerNews,2019,44.0
653,,Objective-C,9.0,HackerNews,2018,39.0
654,,Objective-C,14.0,HackerNews,2017,37.0
655,,Objective-C,5.0,HackerNews,2016,35.0
656,,Objective-C,9.0,HackerNews,2015,30.0
657,,Objective-C,4.0,HackerNews,2014,23.0
658,,OpenGL,1.0,HackerNews,2024,26.0
659,,OpenGL,2.0,HackerNews,2023,33.0
660,,OpenGL,4.0,HackerNews,2022,41.0
661,,OpenGL,2.0,HackerNews,2021,48.0
662,,OpenGL,1.0,HackerNews,2020,41.0
663,,OpenGL,1.0,HackerNews,2019,46.0
664,,OpenGL,1.0,HackerNews,2018,45.0
665,,OpenGL,3.0,HackerNews,2017,47.0
666,,OpenGL,1.0,HackerNews,2016,39.0
667,,OpenGL,1.0,HackerNews,2015,38.0
668,,PHP,6.0,HackerNews,2024,21.0
669,,PHP,12.0,HackerNews,2023,23.0
670,,PHP,26.0,HackerNews,2022,28.0
671,,PHP,37.0,HackerNews,2021,21.0
672,,PHP,20.0,HackerNews,2020,24.0
673,,PHP,44.0,HackerNews,2019,21.0
674,,PHP,45.0,HackerNews,2018,20.0
675,,PHP,42.0,HackerNews,2017,24.0
676,,PHP,31.0,HackerNews,2016,19.0
677,,PHP,28.0,HackerNews,2015,15.0
678,,PHP,15.0,HackerNews,2014,14.0
679,,Perl,3.0,HackerNews,2022,42.0
680,,Perl,3.0,HackerNews,2021,47.0
681,,Perl,4.0,HackerNews,2019,43.0
682,,Perl,1.0,HackerNews,2018,45.0
683,,Perl,2.0,HackerNews,2017,48.0
684,,Perl,1.0,HackerNews,2016,39.0
685,,Perl,3.0,HackerNews,2015,36.0
686,,Perl,4.0,HackerNews,2014,23.0
687,,SQL,37.0,HackerNews,2024,6.0
688,,SQL,65.0,HackerNews,2023,7.0
689,,SQL,123.0,HackerNews,2022,5.0
690,,SQL,137.0,HackerNews,2021,5.0
691,,SQL,96.0,HackerNews,2020,4.0
692,,SQL,116.0,HackerNews,2019,5.0
693,,SQL,114.0,HackerNews,2018,7.0
694,,SQL,81.0,HackerNews,2017,15.0
695,,SQL,52.0,HackerNews,2016,12.0
696,,SQL,32.0,HackerNews,2015,14.0
697,,SQL,21.0,HackerNews,2014,10.0
698,,Pyramid,1.0,HackerNews,2024,26.0
699,,Pyramid,1.0,HackerNews,2023,34.0
700,,Pyramid,1.0,HackerNews,2021,49.0
701,,Pyramid,2.0,HackerNews,2020,40.0
702,,Pyramid,1.0,HackerNews,2019,46.0
703,,Pyramid,3.0,HackerNews,2017,47.0
704,,Pyramid,3.0,HackerNews,2015,36.0
705,,Python,69.0,HackerNews,2024,2.0
706,,Python,107.0,HackerNews,2023,1.0
707,,Python,192.0,HackerNews,2022,2.0
708,,Python,191.0,HackerNews,2021,2.0
709,,Python,134.0,HackerNews,2020,2.0
710,,Python,206.0,HackerNews,2019,1.0
711,,Python,198.0,HackerNews,2018,1.0
712,,Python,196.0,HackerNews,2017,1.0
713,,Python,128.0,HackerNews,2016,1.0
714,,Python,97.0,HackerNews,2015,1.0
715,,Python,63.0,HackerNews,2014,1.0
716,,RLang,11.0,HackerNews,2024,16.0
717,,RLang,11.0,HackerNews,2023,24.0
718,,RLang,16.0,HackerNews,2022,31.0
719,,RLang,24.0,HackerNews,2021,29.0
720,,RLang,20.0,HackerNews,2020,24.0
721,,RLang,16.0,HackerNews,2019,32.0
722,,RLang,9.0,HackerNews,2018,39.0
723,,RLang,21.0,HackerNews,2017,31.0
724,,RLang,18.0,HackerNews,2016,23.0
725,,RLang,10.0,HackerNews,2015,29.0
726,,RLang,6.0,HackerNews,2014,21.0
727,,Raspberry Pi,3.0,HackerNews,2022,42.0
728,,Raspberry Pi,1.0,HackerNews,2020,41.0
729,,Raspberry Pi,1.0,HackerNews,2019,46.0
730,,Raspberry Pi,1.0,HackerNews,2018,45.0
731,,Raspberry Pi,1.0,HackerNews,2017,49.0
732,,Raspberry Pi,1.0,HackerNews,2016,39.0
733,,React,67.0,HackerNews,2024,3.0
734,,React,95.0,HackerNews,2023,2.0
735,,React,218.0,HackerNews,2022,1.0
736,,React,263.0,HackerNews,2021,1.0
737,,React,162.0,HackerNews,2020,1.0
738,,React,193.0,HackerNews,2019,2.0
739,,React,178.0,HackerNews,2018,2.0
740,,React,167.0,HackerNews,2017,3.0
741,,React,78.0,HackerNews,2016,5.0
742,,React,15.0,HackerNews,2015,24.0
743,,React,1.0,HackerNews,2014,26.0
744,,React-Native,4.0,HackerNews,2024,23.0
745,,React-Native,13.0,HackerNews,2023,22.0
746,,React-Native,36.0,HackerNews,2022,23.0
747,,React-Native,36.0,HackerNews,2021,22.0
748,,React-Native,34.0,HackerNews,2020,18.0
749,,React-Native,39.0,HackerNews,2019,22.0
750,,React-Native,32.0,HackerNews,2018,25.0
751,,React-Native,31.0,HackerNews,2017,27.0
752,,React-Native,5.0,HackerNews,2016,35.0
753,,React-Native,1.0,HackerNews,2015,38.0
754,,RethinkDB,1.0,HackerNews,2021,49.0
755,,RethinkDB,2.0,HackerNews,2018,44.0
756,,RethinkDB,1.0,HackerNews,2017,49.0
757,,RethinkDB,1.0,HackerNews,2016,39.0
758,,RoR,17.0,HackerNews,2024,13.0
759,,RoR,25.0,HackerNews,2023,16.0
760,,RoR,66.0,HackerNews,2022,14.0
761,,RoR,89.0,HackerNews,2021,12.0
762,,RoR,44.0,HackerNews,2020,16.0
763,,RoR,67.0,HackerNews,2019,14.0
764,,RoR,87.0,HackerNews,2018,9.0
765,,RoR,105.0,HackerNews,2017,7.0
766,,RoR,65.0,HackerNews,2016,8.0
767,,RoR,66.0,HackerNews,2015,3.0
768,,RoR,30.0,HackerNews,2014,5.0
769,,Robotics,9.0,HackerNews,2024,18.0
770,,Robotics,9.0,HackerNews,2023,26.0
771,,Robotics,13.0,HackerNews,2022,33.0
772,,Robotics,13.0,HackerNews,2021,39.0
773,,Robotics,13.0,HackerNews,2020,29.0
774,,Robotics,15.0,HackerNews,2019,33.0
775,,Robotics,10.0,HackerNews,2018,38.0
776,,Robotics,10.0,HackerNews,2017,41.0
777,,Robotics,7.0,HackerNews,2016,33.0
778,,Robotics,3.0,HackerNews,2015,36.0
779,,Robotics,1.0,HackerNews,2014,26.0
780,,Ruby,10.0,HackerNews,2024,17.0
781,,Ruby,19.0,HackerNews,2023,18.0
782,,Ruby,31.0,HackerNews,2022,25.0
783,,Ruby,44.0,HackerNews,2021,20.0
784,,Ruby,30.0,HackerNews,2020,19.0
785,,Ruby,47.0,HackerNews,2019,20.0
786,,Ruby,65.0,HackerNews,2018,16.0
787,,Ruby,69.0,HackerNews,2017,16.0
788,,Ruby,48.0,HackerNews,2016,14.0
789,,Ruby,51.0,HackerNews,2015,5.0
790,,Ruby,27.0,HackerNews,2014,6.0
791,,Rust,19.0,HackerNews,2024,12.0
792,,Rust,28.0,HackerNews,2023,13.0
793,,Rust,52.0,HackerNews,2022,16.0
794,,Rust,35.0,HackerNews,2021,23.0
795,,Rust,22.0,HackerNews,2020,23.0
796,,Rust,21.0,HackerNews,2019,29.0
797,,Rust,9.0,HackerNews,2018,39.0
798,,Rust,5.0,HackerNews,2017,45.0
799,,Rust,1.0,HackerNews,2015,38.0
800,,SEO,1.0,HackerNews,2024,26.0
801,,SEO,2.0,HackerNews,2023,33.0
802,,SEO,2.0,HackerNews,2022,43.0
803,,SEO,3.0,HackerNews,2021,47.0
804,,SEO,2.0,HackerNews,2020,40.0
805,,SEO,4.0,HackerNews,2019,43.0
806,,SEO,1.0,HackerNews,2018,45.0
807,,SEO,5.0,HackerNews,2017,45.0
808,,SEO,4.0,HackerNews,2016,36.0
809,,SEO,1.0,HackerNews,2015,38.0
810,,SQLAlchemy,2.0,HackerNews,2024,25.0
811,,SQLAlchemy,1.0,HackerNews,2023,34.0
812,,SQLAlchemy,2.0,HackerNews,2021,48.0
813,,SQLAlchemy,1.0,HackerNews,2020,41.0
814,,SQLAlchemy,2.0,HackerNews,2017,48.0
815,,SQLAlchemy,4.0,HackerNews,2015,35.0
816,,SVG,1.0,HackerNews,2020,41.0
817,,SVG,2.0,HackerNews,2018,44.0
818,,SVG,1.0,HackerNews,2015,38.0
819,,Sass,3.0,HackerNews,2023,32.0
820,,Sass,3.0,HackerNews,2022,42.0
821,,Sass,9.0,HackerNews,2021,42.0
822,,Sass,6.0,HackerNews,2020,36.0
823,,Sass,4.0,HackerNews,2019,43.0
824,,Sass,15.0,HackerNews,2018,34.0
825,,Sass,12.0,HackerNews,2017,39.0
826,,Sass,11.0,HackerNews,2016,29.0
827,,Sass,9.0,HackerNews,2015,30.0
828,,Sass,10.0,HackerNews,2014,17.0
829,,Scala,4.0,HackerNews,2024,23.0
830,,Scala,4.0,HackerNews,2023,31.0
831,,Scala,22.0,HackerNews,2022,29.0
832,,Scala,27.0,HackerNews,2021,27.0
833,,Scala,19.0,HackerNews,2020,25.0
834,,Scala,39.0,HackerNews,2019,22.0
835,,Scala,28.0,HackerNews,2018,27.0
836,,Scala,53.0,HackerNews,2017,19.0
837,,Scala,25.0,HackerNews,2016,21.0
838,,Scala,15.0,HackerNews,2015,24.0
839,,Scala,11.0,HackerNews,2014,16.0
840,,Scrapy,3.0,HackerNews,2022,42.0
841,,Scrapy,2.0,HackerNews,2021,48.0
842,,Scrapy,4.0,HackerNews,2020,38.0
843,,Scrapy,2.0,HackerNews,2018,44.0
844,,Scrapy,1.0,HackerNews,2017,49.0
845,,Scrapy,1.0,HackerNews,2016,39.0
846,,Scrapy,1.0,HackerNews,2015,38.0
847,,Selenium,1.0,HackerNews,2024,26.0
848,,Selenium,1.0,HackerNews,2022,44.0
849,,Selenium,1.0,HackerNews,2021,49.0
850,,Selenium,4.0,HackerNews,2020,38.0
851,,Selenium,1.0,HackerNews,2019,46.0
852,,Selenium,5.0,HackerNews,2018,42.0
853,,Selenium,5.0,HackerNews,2017,45.0
854,,Selenium,2.0,HackerNews,2016,38.0
855,,Selenium,5.0,HackerNews,2015,34.0
856,,Selenium,6.0,HackerNews,2014,21.0
857,,Solana,1.0,HackerNews,2024,26.0
858,,Solana,1.0,HackerNews,2022,44.0
859,,Solana,1.0,HackerNews,2020,41.0
860,,Solidity,1.0,HackerNews,2024,26.0
861,,Solidity,7.0,HackerNews,2022,38.0
862,,Solidity,3.0,HackerNews,2021,47.0
863,,Solidity,2.0,HackerNews,2020,40.0
864,,Solidity,4.0,HackerNews,2019,43.0
865,,Solidity,4.0,HackerNews,2018,43.0
866,,Solidity,1.0,HackerNews,2017,49.0
867,,Spark,4.0,HackerNews,2024,23.0
868,,Spark,6.0,HackerNews,2023,29.0
869,,Spark,14.0,HackerNews,2022,32.0
870,,Spark,22.0,HackerNews,2021,31.0
871,,Spark,10.0,HackerNews,2020,32.0
872,,Spark,27.0,HackerNews,2019,27.0
873,,Spark,30.0,HackerNews,2018,26.0
874,,Spark,49.0,HackerNews,2017,22.0
875,,Spark,22.0,HackerNews,2016,22.0
876,,Spark,9.0,HackerNews,2015,30.0
877,,Spring,2.0,HackerNews,2024,25.0
878,,Spring,2.0,HackerNews,2023,33.0
879,,Spring,16.0,HackerNews,2022,31.0
880,,Spring,13.0,HackerNews,2021,39.0
881,,Spring,5.0,HackerNews,2020,37.0
882,,Spring,9.0,HackerNews,2019,38.0
883,,Spring,13.0,HackerNews,2018,36.0
884,,Spring,13.0,HackerNews,2017,38.0
885,,Spring,3.0,HackerNews,2016,37.0
886,,Spring,5.0,HackerNews,2015,34.0
887,,Spring,3.0,HackerNews,2014,24.0
888,,Statistics,3.0,HackerNews,2024,24.0
889,,Statistics,1.0,HackerNews,2023,34.0
890,,Statistics,4.0,HackerNews,2022,41.0
891,,Statistics,3.0,HackerNews,2021,47.0
892,,Statistics,1.0,HackerNews,2020,41.0
893,,Statistics,2.0,HackerNews,2019,45.0
894,,Statistics,4.0,HackerNews,2018,43.0
895,,Statistics,7.0,HackerNews,2017,43.0
896,,Statistics,15.0,HackerNews,2016,26.0
897,,Statistics,9.0,HackerNews,2015,30.0
898,,Statistics,9.0,HackerNews,2014,18.0
899,,Swift,5.0,HackerNews,2024,22.0
900,,Swift,15.0,HackerNews,2023,20.0
901,,Swift,28.0,HackerNews,2022,26.0
902,,Swift,28.0,HackerNews,2021,26.0
903,,Swift,15.0,HackerNews,2020,28.0
904,,Swift,22.0,HackerNews,2019,28.0
905,,Swift,23.0,HackerNews,2018,28.0
906,,Swift,21.0,HackerNews,2017,31.0
907,,Swift,10.0,HackerNews,2016,30.0
908,,Swift,8.0,HackerNews,2015,31.0
909,,Swift,3.0,HackerNews,2014,24.0
910,,Tableau,1.0,HackerNews,2024,26.0
911,,Tableau,2.0,HackerNews,2023,33.0
912,,Tableau,3.0,HackerNews,2022,42.0
913,,Tableau,1.0,HackerNews,2021,49.0
914,,Tableau,1.0,HackerNews,2020,41.0
915,,Tableau,1.0,HackerNews,2018,45.0
916,,Tableau,2.0,HackerNews,2016,38.0
917,,TypeScript,51.0,HackerNews,2024,4.0
918,,TypeScript,78.0,HackerNews,2023,3.0
919,,TypeScript,154.0,HackerNews,2022,4.0
920,,TypeScript,139.0,HackerNews,2021,4.0
921,,TypeScript,84.0,HackerNews,2020,5.0
922,,TypeScript,61.0,HackerNews,2019,16.0
923,,TypeScript,33.0,HackerNews,2018,24.0
924,,TypeScript,15.0,HackerNews,2017,36.0
925,,TypeScript,4.0,HackerNews,2016,36.0
926,,TypeScript,1.0,HackerNews,2015,38.0
927,,UI/UX,6.0,HackerNews,2024,21.0
928,,UI/UX,8.0,HackerNews,2023,27.0
929,,UI/UX,16.0,HackerNews,2022,31.0
930,,UI/UX,20.0,HackerNews,2021,33.0
931,,UI/UX,13.0,HackerNews,2020,29.0
932,,UI/UX,13.0,HackerNews,2019,35.0
933,,UI/UX,13.0,HackerNews,2018,36.0
934,,UI/UX,21.0,HackerNews,2017,31.0
935,,UI/UX,15.0,HackerNews,2016,26.0
936,,UI/UX,11.0,HackerNews,2015,28.0
937,,UI/UX,8.0,HackerNews,2014,19.0
938,,Vagrant,1.0,HackerNews,2023,34.0
939,,Vagrant,1.0,HackerNews,2021,49.0
940,,Vagrant,1.0,HackerNews,2020,41.0
941,,Vagrant,2.0,HackerNews,2018,44.0
942,,Vagrant,8.0,HackerNews,2017,42.0
943,,Vagrant,6.0,HackerNews,2016,34.0
944,,Vagrant,4.0,HackerNews,2015,35.0
945,,Vagrant,1.0,HackerNews,2014,26.0
946,,Xamarin,1.0,HackerNews,2022,44.0
947,,Xamarin,1.0,HackerNews,2020,41.0
948,,Xamarin,1.0,HackerNews,2019,46.0
949,,Xamarin,3.0,HackerNews,2017,47.0
950,,Xamarin,4.0,HackerNews,2016,36.0
951,,Xamarin,2.0,HackerNews,2015,37.0
952,,iOS,9.0,HackerNews,2024,18.0
953,,iOS,24.0,HackerNews,2023,17.0
954,,iOS,50.0,HackerNews,2022,17.0
955,,iOS,64.0,HackerNews,2021,15.0
956,,iOS,50.0,HackerNews,2020,14.0
957,,iOS,66.0,HackerNews,2019,15.0
958,,iOS,83.0,HackerNews,2018,10.0
959,,iOS,94.0,HackerNews,2017,11.0
960,,iOS,74.0,HackerNews,2016,6.0
961,,iOS,58.0,HackerNews,2015,4.0
962,,iOS,36.0,HackerNews,2014,4.0
963,,jQuery,1.0,HackerNews,2024,26.0
964,,jQuery,1.0,HackerNews,2023,34.0
965,,jQuery,2.0,HackerNews,2022,43.0
966,,jQuery,5.0,HackerNews,2021,45.0
967,,jQuery,1.0,HackerNews,2020,41.0
968,,jQuery,8.0,HackerNews,2019,39.0
969,,jQuery,9.0,HackerNews,2018,39.0
970,,jQuery,11.0,HackerNews,2017,40.0
971,,jQuery,15.0,HackerNews,2016,26.0
972,,jQuery,24.0,HackerNews,2015,19.0
973,,jQuery,17.0,HackerNews,2014,13.0
